indicator,iso3,year,value,low,high,dim1,dim1_type,who_region,who_region_code,spatial_type,Date
MALARIA_TOTAL_CASES,GHA,2016,11451328.0,,,,,Africa,AFR,COUNTRY,2024-12-10T17:44:48.22+01:00
MALARIA_TOTAL_CASES,IDN,2018,222345.0,,,,,South-East Asia,SEAR,COUNTRY,2024-12-10T17:44:48.22+01:00
MALARIA_TOTAL_CASES,GUY,2015,9984.0,,,,,Americas,AMR,COUNTRY,2024-12-10T17:44:48.22+01:00
MALARIA_TOTAL_CASES,BWA,2016,725.0,,,,,Africa,AFR,COUNTRY,2024-12-10T17:44:48.22+01:00
MALARIA_TOTAL_CASES,SWZ,2017,1127.0,,,,,Africa,AFR,COUNTRY,2024-12-10T17:44:48.22+01:00
MALARIA_TOTAL_CASES,NER,2018,3358058.0,,,,,Africa,AFR,COUNTRY,2024-12-10T17:44:48.22+01:00
MALARIA_TOTAL_CASES,UGA,2023,16525582.0,,,,,Africa,AFR,COUNTRY,2024-12-10T17:44:48.22+01:00
MALARIA_TOTAL_CASES,ECU,2020,2089.0,,,,,Americas,AMR,COUNTRY,2024-12-10T17:44:48.22+01:00
MALARIA_TOTAL_CASES,MRT,2019,135120.0,,,,,Africa,AFR,COUNTRY,2024-12-10T17:44:48.22+01:00
MALARIA_TOTAL_CASES,BEN,2018,2255946.0,,,,,Africa,AFR,COUNTRY,2024-12-10T17:44:48.22+01:00
MALARIA_TOTAL_CASES,VUT,2015,845.0,,,,,Western Pacific,WPR,COUNTRY,2024-12-10T17:44:48.22+01:00
MALARIA_TOTAL_CASES,NGA,2015,16702261.0,,,,,Africa,AFR,COUNTRY,2024-12-10T17:44:48.22+01:00
MALARIA_TOTAL_CASES,CAF,2023,1979614.0,,,,,Africa,AFR,COUNTRY,2024-12-10T17:44:48.22+01:00
MALARIA_TOTAL_CASES,BGD,2015,39719.0,,,,,South-East Asia,SEAR,COUNTRY,2024-12-10T17:44:48.22+01:00
MALARIA_TOTAL_CASES,TZA,2023,3775205.0,,,,,Africa,AFR,COUNTRY,2024-12-10T17:44:48.22+01:00
MALARIA_TOTAL_CASES,PAK,2019,413533.0,,,,,Eastern Mediterranean,EMR,COUNTRY,2024-12-10T17:44:48.22+01:00
MALARIA_TOTAL_CASES,VNM,2016,10446.0,,,,,Western Pacific,WPR,COUNTRY,2024-12-10T17:44:48.22+01:00
MALARIA_TOTAL_CASES,ERI,2018,48326.0,,,,,Africa,AFR,COUNTRY,2024-12-10T17:44:48.22+01:00
MALARIA_TOTAL_CASES,DJI,2020,73535.0,,,,,Eastern Mediterranean,EMR,COUNTRY,2024-12-10T17:44:48.22+01:00
MALARIA_TOTAL_CASES,MOZ,2023,13240174.0,,,,,Africa,AFR,COUNTRY,2024-12-10T17:44:48.22+01:00
MALARIA_TOTAL_CASES,KOR,2021,294.0,,,,,Western Pacific,WPR,COUNTRY,2024-12-10T17:44:48.22+01:00
MALARIA_TOTAL_CASES,TCD,2021,1811859.0,,,,,Africa,AFR,COUNTRY,2024-12-10T17:44:48.22+01:00
MALARIA_TOTAL_CASES,SOM,2022,23450.0,,,,,Eastern Mediterranean,EMR,COUNTRY,2024-12-10T17:44:48.22+01:00
MALARIA_TOTAL_CASES,PHL,2022,3245.0,,,,,Western Pacific,WPR,COUNTRY,2024-12-10T17:44:48.22+01:00
MALARIA_TOTAL_CASES,COG,2015,264574.0,,,,,Africa,AFR,COUNTRY,2024-12-10T17:44:48.22+01:00
MALARIA_TOTAL_CASES,SLB,2018,72430.0,,,,,Western Pacific,WPR,COUNTRY,2024-12-10T17:44:48.22+01:00
MALARIA_TOTAL_CASES,VUT,2023,2261.0,,,,,Western Pacific,WPR,COUNTRY,2024-12-10T17:44:48.22+01:00
MALARIA_TOTAL_CASES,GEO,2020,4.0,,,,,Europe,EUR,COUNTRY,2024-12-10T17:44:48.22+01:00
MALARIA_TOTAL_CASES,BDI,2018,5149436.0,,,,,Africa,AFR,COUNTRY,2024-12-10T17:44:48.22+01:00
MALARIA_TOTAL_CASES,BWA,2021,729.0,,,,,Africa,AFR,COUNTRY,2024-12-10T17:44:48.22+01:00
MALARIA_TOTAL_CASES,KHM,2016,43380.0,,,,,Western Pacific,WPR,COUNTRY,2024-12-10T17:44:48.22+01:00
MALARIA_TOTAL_CASES,DZA,2019,1014.0,,,,,Africa,AFR,COUNTRY,2024-12-10T17:44:48.22+01:00
MALARIA_TOTAL_CASES,KOR,2019,559.0,,,,,Western Pacific,WPR,COUNTRY,2024-12-10T17:44:48.22+01:00
MALARIA_TOTAL_CASES,SWZ,2019,589.0,,,,,Africa,AFR,COUNTRY,2024-12-10T17:44:48.22+01:00
MALARIA_TOTAL_CASES,ZWE,2018,266789.0,,,,,Africa,AFR,COUNTRY,2024-12-10T17:44:48.22+01:00
MALARIA_TOTAL_CASES,BTN,2018,54.0,,,,,South-East Asia,SEAR,COUNTRY,2024-12-10T17:44:48.22+01:00
MALARIA_TOTAL_CASES,GTM,2015,5540.0,,,,,Americas,AMR,COUNTRY,2024-12-10T17:44:48.22+01:00
MALARIA_TOTAL_CASES,SAU,2022,4319.0,,,,,Eastern Mediterranean,EMR,COUNTRY,2024-12-10T17:44:48.22+01:00
MALARIA_TOTAL_CASES,ERI,2023,102504.0,,,,,Africa,AFR,COUNTRY,2024-12-10T17:44:48.22+01:00
MALARIA_TOTAL_CASES,IRN,2023,10004.0,,,,,Eastern Mediterranean,EMR,COUNTRY,2024-12-10T17:44:48.22+01:00
MALARIA_TOTAL_CASES,COD,2022,29337562.0,,,,,Africa,AFR,COUNTRY,2024-12-10T17:44:48.22+01:00
MALARIA_TOTAL_CASES,YEM,2022,201792.0,,,,,Eastern Mediterranean,EMR,COUNTRY,2024-12-10T17:44:48.22+01:00
MALARIA_TOTAL_CASES,ETH,2017,1755748.0,,,,,Africa,AFR,COUNTRY,2024-12-10T17:44:48.22+01:00
MALARIA_TOTAL_CASES,GIN,2023,2734149.0,,,,,Africa,AFR,COUNTRY,2024-12-10T17:44:48.22+01:00
MALARIA_TOTAL_CASES,IND,2021,161753.0,,,,,South-East Asia,SEAR,COUNTRY,2024-12-10T17:44:48.22+01:00
MALARIA_TOTAL_CASES,MDG,2018,1078140.0,,,,,Africa,AFR,COUNTRY,2024-12-10T17:44:48.22+01:00
MALARIA_TOTAL_CASES,CMR,2021,3420788.0,,,,,Africa,AFR,COUNTRY,2024-12-10T17:44:48.22+01:00
MALARIA_TOTAL_CASES,GMB,2019,53386.0,,,,,Africa,AFR,COUNTRY,2024-12-10T17:44:48.22+01:00
MALARIA_TOTAL_CASES,STP,2022,3979.0,,,,,Africa,AFR,COUNTRY,2024-12-10T17:44:48.22+01:00
MALARIA_TOTAL_CASES,GIN,2017,1335323.0,,,,,Africa,AFR,COUNTRY,2024-12-10T17:44:48.22+01:00
MALARIA_TOTAL_CASES,CPV,2015,27.0,,,,,Africa,AFR,COUNTRY,2024-12-10T17:44:48.22+01:00
MALARIA_TOTAL_CASES,DOM,2017,398.0,,,,,Americas,AMR,COUNTRY,2024-12-10T17:44:48.22+01:00
MALARIA_TOTAL_CASES,PRY,2018,0.0,,,,,Americas,AMR,COUNTRY,2024-12-10T17:44:48.22+01:00
MALARIA_TOTAL_CASES,LBR,2015,1835238.0,,,,,Africa,AFR,COUNTRY,2024-12-10T17:44:48.22+01:00
MALARIA_TOTAL_CASES,DJI,2015,9557.0,,,,,Eastern Mediterranean,EMR,COUNTRY,2024-12-10T17:44:48.22+01:00
MALARIA_TOTAL_CASES,THA,2019,5421.0,,,,,South-East Asia,SEAR,COUNTRY,2024-12-10T17:44:48.22+01:00
MALARIA_TOTAL_CASES,BFA,2023,11055698.0,,,,,Africa,AFR,COUNTRY,2024-12-10T17:44:48.22+01:00
MALARIA_TOTAL_CASES,GNB,2018,171075.0,,,,,Africa,AFR,COUNTRY,2024-12-10T17:44:48.22+01:00
MALARIA_TOTAL_CASES,DZA,2022,1292.0,,,,,Africa,AFR,COUNTRY,2024-12-10T17:44:48.22+01:00
MALARIA_TOTAL_CASES,CAF,2015,953535.0,,,,,Africa,AFR,COUNTRY,2024-12-10T17:44:48.22+01:00
MALARIA_TOTAL_CASES,MEX,2019,641.0,,,,,Americas,AMR,COUNTRY,2024-12-10T17:44:48.22+01:00
MALARIA_TOTAL_CASES,THA,2023,16684.0,,,,,South-East Asia,SEAR,COUNTRY,2024-12-10T17:44:48.22+01:00
MALARIA_TOTAL_CASES,CMR,2023,3015821.0,,,,,Africa,AFR,COUNTRY,2024-12-10T17:44:48.22+01:00
MALARIA_TOTAL_CASES,AFG,2017,413536.0,,,,,Eastern Mediterranean,EMR,COUNTRY,2024-12-10T17:44:48.22+01:00
MALARIA_TOTAL_CASES,GHA,2022,5456588.0,,,,,Africa,AFR,COUNTRY,2024-12-10T17:44:48.22+01:00
MALARIA_TOTAL_CASES,MLI,2018,2614104.0,,,,,Africa,AFR,COUNTRY,2024-12-10T17:44:48.22+01:00
MALARIA_TOTAL_CASES,SEN,2015,502084.0,,,,,Africa,AFR,COUNTRY,2024-12-10T17:44:48.22+01:00
MALARIA_TOTAL_CASES,MMR,2022,157538.0,,,,,South-East Asia,SEAR,COUNTRY,2024-12-10T17:44:48.22+01:00
MALARIA_TOTAL_CASES,NER,2021,4661376.0,,,,,Africa,AFR,COUNTRY,2024-12-10T17:44:48.22+01:00
MALARIA_TOTAL_CASES,HTI,2021,9513.0,,,,,Americas,AMR,COUNTRY,2024-12-10T17:44:48.22+01:00
MALARIA_TOTAL_CASES,LKA,2015,36.0,,,,,South-East Asia,SEAR,COUNTRY,2024-12-10T17:44:48.22+01:00
MALARIA_TOTAL_CASES,BOL,2015,6907.0,,,,,Americas,AMR,COUNTRY,2024-12-10T17:44:48.22+01:00
MALARIA_TOTAL_CASES,LBR,2017,1366176.0,,,,,Africa,AFR,COUNTRY,2024-12-10T17:44:48.22+01:00
MALARIA_TOTAL_CASES,SDN,2021,3960654.0,,,,,Eastern Mediterranean,EMR,COUNTRY,2024-12-10T17:44:48.22+01:00
MALARIA_TOTAL_CASES,TZA,2022,3666741.0,,,,,Africa,AFR,COUNTRY,2024-12-10T17:44:48.22+01:00
MALARIA_TOTAL_CASES,ZWE,2019,308173.0,,,,,Africa,AFR,COUNTRY,2024-12-10T17:44:48.22+01:00
MALARIA_TOTAL_CASES,SSD,2016,555957.0,,,,,Africa,AFR,COUNTRY,2024-12-10T17:44:48.22+01:00
MALARIA_TOTAL_CASES,AGO,2018,5928260.0,,,,,Africa,AFR,COUNTRY,2024-12-10T17:44:48.22+01:00
MALARIA_TOTAL_CASES,DZA,2023,427.0,,,,,Africa,AFR,COUNTRY,2024-12-10T17:44:48.22+01:00
MALARIA_TOTAL_CASES,THA,2015,27385.0,,,,,South-East Asia,SEAR,COUNTRY,2024-12-10T17:44:48.22+01:00
MALARIA_TOTAL_CASES,ECU,2023,757.0,,,,,Americas,AMR,COUNTRY,2024-12-10T17:44:48.22+01:00
MALARIA_TOTAL_CASES,TLS,2021,0.0,,,,,South-East Asia,SEAR,COUNTRY,2024-12-10T17:44:48.22+01:00
MALARIA_TOTAL_CASES,CAF,2016,1607079.0,,,,,Africa,AFR,COUNTRY,2024-12-10T17:44:48.22+01:00
MALARIA_TOTAL_CASES,CRI,2019,149.0,,,,,Americas,AMR,COUNTRY,2024-12-10T17:44:48.22+01:00
MALARIA_TOTAL_CASES,BEN,2021,2928382.0,,,,,Africa,AFR,COUNTRY,2024-12-10T17:44:48.22+01:00
MALARIA_TOTAL_CASES,ZAF,2022,7280.0,,,,,Africa,AFR,COUNTRY,2024-12-10T17:44:48.22+01:00
MALARIA_TOTAL_CASES,NPL,2018,3031.0,,,,,South-East Asia,SEAR,COUNTRY,2024-12-10T17:44:48.22+01:00
MALARIA_TOTAL_CASES,ARM,2023,2.0,,,,,Europe,EUR,COUNTRY,2024-12-10T17:44:48.22+01:00
MALARIA_TOTAL_CASES,ERI,2019,93878.0,,,,,Africa,AFR,COUNTRY,2024-12-10T17:44:48.22+01:00
MALARIA_TOTAL_CASES,IND,2022,176522.0,,,,,South-East Asia,SEAR,COUNTRY,2024-12-10T17:44:48.22+01:00
MALARIA_TOTAL_CASES,THA,2017,11440.0,,,,,South-East Asia,SEAR,COUNTRY,2024-12-10T17:44:48.22+01:00
MALARIA_TOTAL_CASES,ZMB,2023,8470695.0,,,,,Africa,AFR,COUNTRY,2024-12-10T17:44:48.22+01:00
MALARIA_TOTAL_CASES,ZMB,2020,8698304.0,,,,,Africa,AFR,COUNTRY,2024-12-10T17:44:48.22+01:00
MALARIA_TOTAL_CASES,MDG,2023,2861319.0,,,,,Africa,AFR,COUNTRY,2024-12-10T17:44:48.22+01:00
MALARIA_TOTAL_CASES,VNM,2020,1733.0,,,,,Western Pacific,WPR,COUNTRY,2024-12-10T17:44:48.22+01:00
MALARIA_TOTAL_CASES,ZWE,2017,767069.0,,,,,Africa,AFR,COUNTRY,2024-12-10T17:44:48.22+01:00
MALARIA_TOTAL_CASES,MYS,2015,2311.0,,,,,Western Pacific,WPR,COUNTRY,2024-12-10T17:44:48.22+01:00
MALARIA_TOTAL_CASES,RWA,2019,3612822.0,,,,,Africa,AFR,COUNTRY,2024-12-10T17:44:48.22+01:00
MALARIA_TOTAL_CASES,SUR,2022,61.0,,,,,Americas,AMR,COUNTRY,2024-12-10T17:44:48.22+01:00
MALARIA_TOTAL_CASES,GTM,2021,1274.0,,,,,Americas,AMR,COUNTRY,2024-12-10T17:44:48.22+01:00
MALARIA_TOTAL_CASES,ARM,2017,2.0,,,,,Europe,EUR,COUNTRY,2024-12-10T17:44:48.22+01:00
MALARIA_TOTAL_CASES,GHA,2019,6703687.0,,,,,Africa,AFR,COUNTRY,2024-12-10T17:44:48.22+01:00
MALARIA_TOTAL_CASES,COD,2016,16888006.0,,,,,Africa,AFR,COUNTRY,2024-12-10T17:44:48.22+01:00
MALARIA_TOTAL_CASES,MLI,2015,3543576.0,,,,,Africa,AFR,COUNTRY,2024-12-10T17:44:48.22+01:00
MALARIA_TOTAL_CASES,BWA,2022,446.0,,,,,Africa,AFR,COUNTRY,2024-12-10T17:44:48.22+01:00
MALARIA_TOTAL_CASES,RWA,2020,2043392.0,,,,,Africa,AFR,COUNTRY,2024-12-10T17:44:48.22+01:00
MALARIA_TOTAL_CASES,COM,2019,17697.0,,,,,Africa,AFR,COUNTRY,2024-12-10T17:44:48.22+01:00
MALARIA_TOTAL_CASES,YEM,2021,244857.0,,,,,Eastern Mediterranean,EMR,COUNTRY,2024-12-10T17:44:48.22+01:00
MALARIA_TOTAL_CASES,GMB,2017,83668.0,,,,,Africa,AFR,COUNTRY,2024-12-10T17:44:48.22+01:00
MALARIA_TOTAL_CASES,SAU,2023,6460.0,,,,,Eastern Mediterranean,EMR,COUNTRY,2024-12-10T17:44:48.22+01:00
MALARIA_TOTAL_CASES,ZWE,2022,141076.0,,,,,Africa,AFR,COUNTRY,2024-12-10T17:44:48.22+01:00
MALARIA_TOTAL_CASES,KOR,2023,747.0,,,,,Western Pacific,WPR,COUNTRY,2024-12-10T17:44:48.22+01:00
MALARIA_TOTAL_CASES,IDN,2020,254055.0,,,,,South-East Asia,SEAR,COUNTRY,2024-12-10T17:44:48.22+01:00
MALARIA_TOTAL_CASES,IRN,2016,705.0,,,,,Eastern Mediterranean,EMR,COUNTRY,2024-12-10T17:44:48.22+01:00
MALARIA_TOTAL_CASES,LAO,2015,36078.0,,,,,Western Pacific,WPR,COUNTRY,2024-12-10T17:44:48.22+01:00
MALARIA_TOTAL_CASES,TGO,2019,2406091.0,,,,,Africa,AFR,COUNTRY,2024-12-10T17:44:48.22+01:00
MALARIA_TOTAL_CASES,CMR,2020,2974819.0,,,,,Africa,AFR,COUNTRY,2024-12-10T17:44:48.22+01:00
MALARIA_TOTAL_CASES,NER,2015,3937742.0,,,,,Africa,AFR,COUNTRY,2024-12-10T17:44:48.22+01:00
MALARIA_TOTAL_CASES,ECU,2018,1806.0,,,,,Americas,AMR,COUNTRY,2024-12-10T17:44:48.22+01:00
MALARIA_TOTAL_CASES,BOL,2019,9357.0,,,,,Americas,AMR,COUNTRY,2024-12-10T17:44:48.22+01:00
MALARIA_TOTAL_CASES,GNB,2015,150085.0,,,,,Africa,AFR,COUNTRY,2024-12-10T17:44:48.22+01:00
MALARIA_TOTAL_CASES,CPV,2022,27.0,,,,,Africa,AFR,COUNTRY,2024-12-10T17:44:48.22+01:00
MALARIA_TOTAL_CASES,GMB,2016,164421.0,,,,,Africa,AFR,COUNTRY,2024-12-10T17:44:48.22+01:00
MALARIA_TOTAL_CASES,UZB,2017,0.0,,,,,Europe,EUR,COUNTRY,2024-12-10T17:44:48.22+01:00
MALARIA_TOTAL_CASES,MRT,2015,195740.0,,,,,Africa,AFR,COUNTRY,2024-12-10T17:44:48.22+01:00
MALARIA_TOTAL_CASES,GNB,2023,120841.0,,,,,Africa,AFR,COUNTRY,2024-12-10T17:44:48.22+01:00
MALARIA_TOTAL_CASES,IND,2017,844558.0,,,,,South-East Asia,SEAR,COUNTRY,2024-12-10T17:44:48.22+01:00
MALARIA_TOTAL_CASES,DZA,2016,432.0,,,,,Africa,AFR,COUNTRY,2024-12-10T17:44:48.22+01:00
MALARIA_TOTAL_CASES,MYS,2020,2839.0,,,,,Western Pacific,WPR,COUNTRY,2024-12-10T17:44:48.22+01:00
MALARIA_TOTAL_CASES,NPL,2020,430.0,,,,,South-East Asia,SEAR,COUNTRY,2024-12-10T17:44:48.22+01:00
MALARIA_TOTAL_CASES,ARM,2018,6.0,,,,,Europe,EUR,COUNTRY,2024-12-10T17:44:48.22+01:00
MALARIA_TOTAL_CASES,HTI,2019,10687.0,,,,,Americas,AMR,COUNTRY,2024-12-10T17:44:48.22+01:00
MALARIA_TOTAL_CASES,THA,2018,6750.0,,,,,South-East Asia,SEAR,COUNTRY,2024-12-10T17:44:48.22+01:00
MALARIA_TOTAL_CASES,BGD,2021,7294.0,,,,,South-East Asia,SEAR,COUNTRY,2024-12-10T17:44:48.22+01:00
MALARIA_TOTAL_CASES,IDN,2022,443530.0,,,,,South-East Asia,SEAR,COUNTRY,2024-12-10T17:44:48.22+01:00
MALARIA_TOTAL_CASES,GHA,2023,5900188.0,,,,,Africa,AFR,COUNTRY,2024-12-10T17:44:48.22+01:00
MALARIA_TOTAL_CASES,TJK,2017,3.0,,,,,Europe,EUR,COUNTRY,2024-12-10T17:44:48.22+01:00
MALARIA_TOTAL_CASES,LBR,2021,983978.0,,,,,Africa,AFR,COUNTRY,2024-12-10T17:44:48.22+01:00
MALARIA_TOTAL_CASES,TCD,2020,1890264.0,,,,,Africa,AFR,COUNTRY,2024-12-10T17:44:48.22+01:00
MALARIA_TOTAL_CASES,VEN,2016,301466.0,,,,,Americas,AMR,COUNTRY,2024-12-10T17:44:48.22+01:00
MALARIA_TOTAL_CASES,AGO,2019,7530788.0,,,,,Africa,AFR,COUNTRY,2024-12-10T17:44:48.22+01:00
MALARIA_TOTAL_CASES,BDI,2016,8902503.0,,,,,Africa,AFR,COUNTRY,2024-12-10T17:44:48.22+01:00
MALARIA_TOTAL_CASES,ZWE,2023,248699.0,,,,,Africa,AFR,COUNTRY,2024-12-10T17:44:48.22+01:00
MALARIA_TOTAL_CASES,MEX,2020,369.0,,,,,Americas,AMR,COUNTRY,2024-12-10T17:44:48.22+01:00
MALARIA_TOTAL_CASES,KGZ,2015,1.0,,,,,Europe,EUR,COUNTRY,2024-12-10T17:44:48.22+01:00
MALARIA_TOTAL_CASES,MOZ,2018,10339330.0,,,,,Africa,AFR,COUNTRY,2024-12-10T17:44:48.22+01:00
MALARIA_TOTAL_CASES,SLE,2016,1845727.0,,,,,Africa,AFR,COUNTRY,2024-12-10T17:44:48.22+01:00
MALARIA_TOTAL_CASES,CHN,2022,820.0,,,,,Western Pacific,WPR,COUNTRY,2024-12-10T17:44:48.22+01:00
MALARIA_TOTAL_CASES,SAU,2021,1091.0,,,,,Eastern Mediterranean,EMR,COUNTRY,2024-12-10T17:44:48.22+01:00
MALARIA_TOTAL_CASES,SUR,2021,77.0,,,,,Americas,AMR,COUNTRY,2024-12-10T17:44:48.22+01:00
MALARIA_TOTAL_CASES,PNG,2020,932973.0,,,,,Western Pacific,WPR,COUNTRY,2024-12-10T17:44:48.22+01:00
MALARIA_TOTAL_CASES,GUY,2021,20850.0,,,,,Americas,AMR,COUNTRY,2024-12-10T17:44:48.22+01:00
MALARIA_TOTAL_CASES,MRT,2023,108415.0,,,,,Africa,AFR,COUNTRY,2024-12-10T17:44:48.22+01:00
MALARIA_TOTAL_CASES,NGA,2016,23956668.0,,,,,Africa,AFR,COUNTRY,2024-12-10T17:44:48.22+01:00
MALARIA_TOTAL_CASES,GHA,2018,11154400.0,,,,,Africa,AFR,COUNTRY,2024-12-10T17:44:48.22+01:00
MALARIA_TOTAL_CASES,KGZ,2020,0.0,,,,,Europe,EUR,COUNTRY,2024-12-10T17:44:48.22+01:00
MALARIA_TOTAL_CASES,NPL,2019,710.0,,,,,South-East Asia,SEAR,COUNTRY,2024-12-10T17:44:48.22+01:00
MALARIA_TOTAL_CASES,TCD,2016,1402215.0,,,,,Africa,AFR,COUNTRY,2024-12-10T17:44:48.22+01:00
MALARIA_TOTAL_CASES,VNM,2021,467.0,,,,,Western Pacific,WPR,COUNTRY,2024-12-10T17:44:48.22+01:00
MALARIA_TOTAL_CASES,GHA,2015,11678306.0,,,,,Africa,AFR,COUNTRY,2024-12-10T17:44:48.22+01:00
MALARIA_TOTAL_CASES,IDN,2015,217025.0,,,,,South-East Asia,SEAR,COUNTRY,2024-12-10T17:44:48.22+01:00
MALARIA_TOTAL_CASES,SLE,2015,1569606.0,,,,,Africa,AFR,COUNTRY,2024-12-10T17:44:48.22+01:00
MALARIA_TOTAL_CASES,STP,2015,2058.0,,,,,Africa,AFR,COUNTRY,2024-12-10T17:44:48.22+01:00
MALARIA_TOTAL_CASES,CIV,2018,5189974.0,,,,,Africa,AFR,COUNTRY,2024-12-10T17:44:48.22+01:00
MALARIA_TOTAL_CASES,COL,2016,86407.0,,,,,Americas,AMR,COUNTRY,2024-12-10T17:44:48.22+01:00
MALARIA_TOTAL_CASES,PER,2016,56671.0,,,,,Americas,AMR,COUNTRY,2024-12-10T17:44:48.22+01:00
MALARIA_TOTAL_CASES,BFA,2015,8286453.0,,,,,Africa,AFR,COUNTRY,2024-12-10T17:44:48.22+01:00
MALARIA_TOTAL_CASES,MWI,2022,4221797.0,,,,,Africa,AFR,COUNTRY,2024-12-10T17:44:48.22+01:00
MALARIA_TOTAL_CASES,DOM,2021,291.0,,,,,Americas,AMR,COUNTRY,2024-12-10T17:44:48.22+01:00
MALARIA_TOTAL_CASES,CAF,2019,2708497.0,,,,,Africa,AFR,COUNTRY,2024-12-10T17:44:48.22+01:00
MALARIA_TOTAL_CASES,NAM,2023,13735.0,,,,,Africa,AFR,COUNTRY,2024-12-10T17:44:48.22+01:00
MALARIA_TOTAL_CASES,TGO,2022,2222943.0,,,,,Africa,AFR,COUNTRY,2024-12-10T17:44:48.22+01:00
MALARIA_TOTAL_CASES,CIV,2016,3754504.0,,,,,Africa,AFR,COUNTRY,2024-12-10T17:44:48.22+01:00
MALARIA_TOTAL_CASES,CMR,2022,3382676.0,,,,,Africa,AFR,COUNTRY,2024-12-10T17:44:48.22+01:00
MALARIA_TOTAL_CASES,BDI,2015,5512414.0,,,,,Africa,AFR,COUNTRY,2024-12-10T17:44:48.22+01:00
MALARIA_TOTAL_CASES,TJK,2022,1.0,,,,,Europe,EUR,COUNTRY,2024-12-10T17:44:48.22+01:00
MALARIA_TOTAL_CASES,KEN,2019,5270358.0,,,,,Africa,AFR,COUNTRY,2024-12-10T17:44:48.22+01:00
MALARIA_TOTAL_CASES,GUF,2023,340.0,,,,,Americas,AMR,COUNTRY,2024-12-10T17:44:48.22+01:00
MALARIA_TOTAL_CASES,CRI,2022,462.0,,,,,Americas,AMR,COUNTRY,2024-12-10T17:44:48.22+01:00
MALARIA_TOTAL_CASES,AFG,2019,174894.0,,,,,Eastern Mediterranean,EMR,COUNTRY,2024-12-10T17:44:48.22+01:00
MALARIA_TOTAL_CASES,BOL,2021,9959.0,,,,,Americas,AMR,COUNTRY,2024-12-10T17:44:48.22+01:00
MALARIA_TOTAL_CASES,VEN,2015,137996.0,,,,,Americas,AMR,COUNTRY,2024-12-10T17:44:48.22+01:00
MALARIA_TOTAL_CASES,MYS,2018,4630.0,,,,,Western Pacific,WPR,COUNTRY,2024-12-10T17:44:48.22+01:00
MALARIA_TOTAL_CASES,DJI,2021,58916.0,,,,,Eastern Mediterranean,EMR,COUNTRY,2024-12-10T17:44:48.22+01:00
MALARIA_TOTAL_CASES,PER,2015,66609.0,,,,,Americas,AMR,COUNTRY,2024-12-10T17:44:48.22+01:00
MALARIA_TOTAL_CASES,TGO,2017,1756582.0,,,,,Africa,AFR,COUNTRY,2024-12-10T17:44:48.22+01:00
MALARIA_TOTAL_CASES,SLV,2016,14.0,,,,,Americas,AMR,COUNTRY,2024-12-10T17:44:48.22+01:00
MALARIA_TOTAL_CASES,STP,2020,1944.0,,,,,Africa,AFR,COUNTRY,2024-12-10T17:44:48.22+01:00
MALARIA_TOTAL_CASES,BTN,2021,23.0,,,,,South-East Asia,SEAR,COUNTRY,2024-12-10T17:44:48.22+01:00
MALARIA_TOTAL_CASES,ARG,2018,28.0,,,,,Americas,AMR,COUNTRY,2024-12-10T17:44:48.22+01:00
MALARIA_TOTAL_CASES,PHL,2020,6120.0,,,,,Western Pacific,WPR,COUNTRY,2024-12-10T17:44:48.22+01:00
MALARIA_TOTAL_CASES,PNG,2016,785120.0,,,,,Western Pacific,WPR,COUNTRY,2024-12-10T17:44:48.22+01:00
MALARIA_TOTAL_CASES,VEN,2023,130077.0,,,,,Americas,AMR,COUNTRY,2024-12-10T17:44:48.22+01:00
MALARIA_TOTAL_CASES,DZA,2018,1242.0,,,,,Africa,AFR,COUNTRY,2024-12-10T17:44:48.22+01:00
MALARIA_TOTAL_CASES,MLI,2023,3517583.0,,,,,Africa,AFR,COUNTRY,2024-12-10T17:44:48.22+01:00
MALARIA_TOTAL_CASES,STP,2023,2368.0,,,,,Africa,AFR,COUNTRY,2024-12-10T17:44:48.22+01:00
MALARIA_TOTAL_CASES,STP,2018,2940.0,,,,,Africa,AFR,COUNTRY,2024-12-10T17:44:48.22+01:00
MALARIA_TOTAL_CASES,ZAF,2019,13833.0,,,,,Africa,AFR,COUNTRY,2024-12-10T17:44:48.22+01:00
MALARIA_TOTAL_CASES,BGD,2020,6130.0,,,,,South-East Asia,SEAR,COUNTRY,2024-12-10T17:44:48.22+01:00
MALARIA_TOTAL_CASES,GIN,2020,2029517.0,,,,,Africa,AFR,COUNTRY,2024-12-10T17:44:48.22+01:00
MALARIA_TOTAL_CASES,NER,2017,2761268.0,,,,,Africa,AFR,COUNTRY,2024-12-10T17:44:48.22+01:00
MALARIA_TOTAL_CASES,GNB,2022,185156.0,,,,,Africa,AFR,COUNTRY,2024-12-10T17:44:48.22+01:00
MALARIA_TOTAL_CASES,BDI,2022,8124159.0,,,,,Africa,AFR,COUNTRY,2024-12-10T17:44:48.22+01:00
MALARIA_TOTAL_CASES,VUT,2022,1143.0,,,,,Western Pacific,WPR,COUNTRY,2024-12-10T17:44:48.22+01:00
MALARIA_TOTAL_CASES,BTN,2016,74.0,,,,,South-East Asia,SEAR,COUNTRY,2024-12-10T17:44:48.22+01:00
MALARIA_TOTAL_CASES,SSD,2020,1805371.0,,,,,Africa,AFR,COUNTRY,2024-12-10T17:44:48.22+01:00
MALARIA_TOTAL_CASES,NPL,2021,373.0,,,,,South-East Asia,SEAR,COUNTRY,2024-12-10T17:44:48.22+01:00
MALARIA_TOTAL_CASES,UZB,2018,0.0,,,,,Europe,EUR,COUNTRY,2024-12-10T17:44:48.22+01:00
MALARIA_TOTAL_CASES,CHN,2020,1051.0,,,,,Western Pacific,WPR,COUNTRY,2024-12-10T17:44:48.22+01:00
MALARIA_TOTAL_CASES,TKM,2018,0.0,,,,,Europe,EUR,COUNTRY,2024-12-10T17:44:48.22+01:00
MALARIA_TOTAL_CASES,NER,2016,5166336.0,,,,,Africa,AFR,COUNTRY,2024-12-10T17:44:48.22+01:00
MALARIA_TOTAL_CASES,MOZ,2016,10373341.0,,,,,Africa,AFR,COUNTRY,2024-12-10T17:44:48.22+01:00
MALARIA_TOTAL_CASES,NAM,2022,11849.0,,,,,Africa,AFR,COUNTRY,2024-12-10T17:44:48.22+01:00
MALARIA_TOTAL_CASES,HTI,2022,14757.0,,,,,Americas,AMR,COUNTRY,2024-12-10T17:44:48.22+01:00
MALARIA_TOTAL_CASES,SAU,2019,2152.0,,,,,Eastern Mediterranean,EMR,COUNTRY,2024-12-10T17:44:48.22+01:00
MALARIA_TOTAL_CASES,BGD,2017,29247.0,,,,,South-East Asia,SEAR,COUNTRY,2024-12-10T17:44:48.22+01:00
MALARIA_TOTAL_CASES,GUF,2018,546.0,,,,,Americas,AMR,COUNTRY,2024-12-10T17:44:48.22+01:00
MALARIA_TOTAL_CASES,ZAF,2015,4959.0,,,,,Africa,AFR,COUNTRY,2024-12-10T17:44:48.22+01:00
MALARIA_TOTAL_CASES,LKA,2020,30.0,,,,,South-East Asia,SEAR,COUNTRY,2024-12-10T17:44:48.22+01:00
MALARIA_TOTAL_CASES,TKM,2020,0.0,,,,,Europe,EUR,COUNTRY,2024-12-10T17:44:48.22+01:00
MALARIA_TOTAL_CASES,SLE,2022,1862886.0,,,,,Africa,AFR,COUNTRY,2024-12-10T17:44:48.22+01:00
MALARIA_TOTAL_CASES,SOM,2015,39169.0,,,,,Eastern Mediterranean,EMR,COUNTRY,2024-12-10T17:44:48.22+01:00
MALARIA_TOTAL_CASES,BRA,2017,238517.0,,,,,Americas,AMR,COUNTRY,2024-12-10T17:44:48.22+01:00
MALARIA_TOTAL_CASES,AZE,2022,1.0,,,,,Europe,EUR,COUNTRY,2024-12-10T17:44:48.22+01:00
MALARIA_TOTAL_CASES,MEX,2021,275.0,,,,,Americas,AMR,COUNTRY,2024-12-10T17:44:48.22+01:00
MALARIA_TOTAL_CASES,KGZ,2017,2.0,,,,,Europe,EUR,COUNTRY,2024-12-10T17:44:48.22+01:00
MALARIA_TOTAL_CASES,SWZ,2018,957.0,,,,,Africa,AFR,COUNTRY,2024-12-10T17:44:48.22+01:00
MALARIA_TOTAL_CASES,LAO,2021,3926.0,,,,,Western Pacific,WPR,COUNTRY,2024-12-10T17:44:48.22+01:00
MALARIA_TOTAL_CASES,NGA,2017,20219268.0,,,,,Africa,AFR,COUNTRY,2024-12-10T17:44:48.22+01:00
MALARIA_TOTAL_CASES,COM,2015,2101.0,,,,,Africa,AFR,COUNTRY,2024-12-10T17:44:48.22+01:00
MALARIA_TOTAL_CASES,PRY,2015,8.0,,,,,Americas,AMR,COUNTRY,2024-12-10T17:44:48.22+01:00
MALARIA_TOTAL_CASES,CMR,2015,2381592.0,,,,,Africa,AFR,COUNTRY,2024-12-10T17:44:48.22+01:00
MALARIA_TOTAL_CASES,NIC,2020,31763.0,,,,,Americas,AMR,COUNTRY,2024-12-10T17:44:48.22+01:00
MALARIA_TOTAL_CASES,PER,2018,45619.0,,,,,Americas,AMR,COUNTRY,2024-12-10T17:44:48.22+01:00
MALARIA_TOTAL_CASES,GHA,2021,6077543.0,,,,,Africa,AFR,COUNTRY,2024-12-10T17:44:48.22+01:00
MALARIA_TOTAL_CASES,SWZ,2022,369.0,,,,,Africa,AFR,COUNTRY,2024-12-10T17:44:48.22+01:00
MALARIA_TOTAL_CASES,MDG,2020,1959962.0,,,,,Africa,AFR,COUNTRY,2024-12-10T17:44:48.22+01:00
MALARIA_TOTAL_CASES,GEO,2019,8.0,,,,,Europe,EUR,COUNTRY,2024-12-10T17:44:48.22+01:00
MALARIA_TOTAL_CASES,MMR,2016,110146.0,,,,,South-East Asia,SEAR,COUNTRY,2024-12-10T17:44:48.22+01:00
MALARIA_TOTAL_CASES,SUR,2020,238.0,,,,,Americas,AMR,COUNTRY,2024-12-10T17:44:48.22+01:00
MALARIA_TOTAL_CASES,SLV,2021,4.0,,,,,Americas,AMR,COUNTRY,2024-12-10T17:44:48.22+01:00
MALARIA_TOTAL_CASES,ZAF,2018,10789.0,,,,,Africa,AFR,COUNTRY,2024-12-10T17:44:48.22+01:00
MALARIA_TOTAL_CASES,GUF,2015,434.0,,,,,Americas,AMR,COUNTRY,2024-12-10T17:44:48.22+01:00
MALARIA_TOTAL_CASES,SSD,2021,3149649.0,,,,,Africa,AFR,COUNTRY,2024-12-10T17:44:48.22+01:00
MALARIA_TOTAL_CASES,IDN,2017,261617.0,,,,,South-East Asia,SEAR,COUNTRY,2024-12-10T17:44:48.22+01:00
MALARIA_TOTAL_CASES,AZE,2016,1.0,,,,,Europe,EUR,COUNTRY,2024-12-10T17:44:48.22+01:00
MALARIA_TOTAL_CASES,PRY,2021,4.0,,,,,Americas,AMR,COUNTRY,2024-12-10T17:44:48.22+01:00
MALARIA_TOTAL_CASES,GUF,2022,51.0,,,,,Americas,AMR,COUNTRY,2024-12-10T17:44:48.22+01:00
MALARIA_TOTAL_CASES,SEN,2020,452984.0,,,,,Africa,AFR,COUNTRY,2024-12-10T17:44:48.22+01:00
MALARIA_TOTAL_CASES,AFG,2016,436017.0,,,,,Eastern Mediterranean,EMR,COUNTRY,2024-12-10T17:44:48.22+01:00
MALARIA_TOTAL_CASES,MOZ,2022,12405868.0,,,,,Africa,AFR,COUNTRY,2024-12-10T17:44:48.22+01:00
MALARIA_TOTAL_CASES,MMR,2015,182465.0,,,,,South-East Asia,SEAR,COUNTRY,2024-12-10T17:44:48.22+01:00
MALARIA_TOTAL_CASES,KOR,2022,428.0,,,,,Western Pacific,WPR,COUNTRY,2024-12-10T17:44:48.22+01:00
MALARIA_TOTAL_CASES,HTI,2020,22996.0,,,,,Americas,AMR,COUNTRY,2024-12-10T17:44:48.22+01:00
MALARIA_TOTAL_CASES,BWA,2020,953.0,,,,,Africa,AFR,COUNTRY,2024-12-10T17:44:48.22+01:00
MALARIA_TOTAL_CASES,CRI,2018,152.0,,,,,Americas,AMR,COUNTRY,2024-12-10T17:44:48.22+01:00
MALARIA_TOTAL_CASES,HND,2021,1657.0,,,,,Americas,AMR,COUNTRY,2024-12-10T17:44:48.22+01:00
MALARIA_TOTAL_CASES,AZE,2020,0.0,,,,,Europe,EUR,COUNTRY,2024-12-10T17:44:48.22+01:00
MALARIA_TOTAL_CASES,GAB,2017,157639.0,,,,,Africa,AFR,COUNTRY,2024-12-10T17:44:48.22+01:00
MALARIA_TOTAL_CASES,MLI,2016,2465914.0,,,,,Africa,AFR,COUNTRY,2024-12-10T17:44:48.22+01:00
MALARIA_TOTAL_CASES,ARG,2021,13.0,,,,,Americas,AMR,COUNTRY,2024-12-10T17:44:48.22+01:00
MALARIA_TOTAL_CASES,COD,2023,29630176.0,,,,,Africa,AFR,COUNTRY,2024-12-10T17:44:48.22+01:00
MALARIA_TOTAL_CASES,BTN,2017,51.0,,,,,South-East Asia,SEAR,COUNTRY,2024-12-10T17:44:48.22+01:00
MALARIA_TOTAL_CASES,ZAF,2016,4323.0,,,,,Africa,AFR,COUNTRY,2024-12-10T17:44:48.22+01:00
MALARIA_TOTAL_CASES,NGA,2021,23608796.0,,,,,Africa,AFR,COUNTRY,2024-12-10T17:44:48.22+01:00
MALARIA_TOTAL_CASES,LKA,2023,63.0,,,,,South-East Asia,SEAR,COUNTRY,2024-12-10T17:44:48.22+01:00
MALARIA_TOTAL_CASES,NGA,2023,26411360.0,,,,,Africa,AFR,COUNTRY,2024-12-10T17:44:48.22+01:00
MALARIA_TOTAL_CASES,NER,2020,5235815.0,,,,,Africa,AFR,COUNTRY,2024-12-10T17:44:48.22+01:00
MALARIA_TOTAL_CASES,GUF,2021,143.0,,,,,Americas,AMR,COUNTRY,2024-12-10T17:44:48.22+01:00
MALARIA_TOTAL_CASES,BGD,2023,16567.0,,,,,South-East Asia,SEAR,COUNTRY,2024-12-10T17:44:48.22+01:00
MALARIA_TOTAL_CASES,GAB,2019,142917.0,,,,,Africa,AFR,COUNTRY,2024-12-10T17:44:48.22+01:00
MALARIA_TOTAL_CASES,SLB,2016,84514.0,,,,,Western Pacific,WPR,COUNTRY,2024-12-10T17:44:48.22+01:00
MALARIA_TOTAL_CASES,SLV,2022,1.0,,,,,Americas,AMR,COUNTRY,2024-12-10T17:44:48.22+01:00
MALARIA_TOTAL_CASES,AGO,2021,9169267.0,,,,,Africa,AFR,COUNTRY,2024-12-10T17:44:48.22+01:00
MALARIA_TOTAL_CASES,MRT,2021,49560.0,,,,,Africa,AFR,COUNTRY,2024-12-10T17:44:48.22+01:00
MALARIA_TOTAL_CASES,RWA,2015,2505794.0,,,,,Africa,AFR,COUNTRY,2024-12-10T17:44:48.22+01:00
MALARIA_TOTAL_CASES,VUT,2018,644.0,,,,,Western Pacific,WPR,COUNTRY,2024-12-10T17:44:48.22+01:00
MALARIA_TOTAL_CASES,GTM,2022,1856.0,,,,,Americas,AMR,COUNTRY,2024-12-10T17:44:48.22+01:00
MALARIA_TOTAL_CASES,PRY,2017,5.0,,,,,Americas,AMR,COUNTRY,2024-12-10T17:44:48.22+01:00
MALARIA_TOTAL_CASES,UGA,2021,15144755.0,,,,,Africa,AFR,COUNTRY,2024-12-10T17:44:48.22+01:00
MALARIA_TOTAL_CASES,CIV,2015,3606725.0,,,,,Africa,AFR,COUNTRY,2024-12-10T17:44:48.22+01:00
MALARIA_TOTAL_CASES,UGA,2022,20012872.0,,,,,Africa,AFR,COUNTRY,2024-12-10T17:44:48.22+01:00
MALARIA_TOTAL_CASES,BLZ,2023,2.0,,,,,Americas,AMR,COUNTRY,2024-12-10T17:44:48.22+01:00
MALARIA_TOTAL_CASES,AGO,2016,4301146.0,,,,,Africa,AFR,COUNTRY,2024-12-10T17:44:48.22+01:00
MALARIA_TOTAL_CASES,BEN,2019,3084525.0,,,,,Africa,AFR,COUNTRY,2024-12-10T17:44:48.22+01:00
MALARIA_TOTAL_CASES,PHL,2018,4641.0,,,,,Western Pacific,WPR,COUNTRY,2024-12-10T17:44:48.22+01:00
MALARIA_TOTAL_CASES,GUF,2016,258.0,,,,,Americas,AMR,COUNTRY,2024-12-10T17:44:48.22+01:00
MALARIA_TOTAL_CASES,IDN,2021,304607.0,,,,,South-East Asia,SEAR,COUNTRY,2024-12-10T17:44:48.22+01:00
MALARIA_TOTAL_CASES,YEM,2019,216763.0,,,,,Eastern Mediterranean,EMR,COUNTRY,2024-12-10T17:44:48.22+01:00
MALARIA_TOTAL_CASES,KEN,2015,8219230.0,,,,,Africa,AFR,COUNTRY,2024-12-10T17:44:48.22+01:00
MALARIA_TOTAL_CASES,TGO,2018,2002877.0,,,,,Africa,AFR,COUNTRY,2024-12-10T17:44:48.22+01:00
MALARIA_TOTAL_CASES,ECU,2022,1666.0,,,,,Americas,AMR,COUNTRY,2024-12-10T17:44:48.22+01:00
MALARIA_TOTAL_CASES,GUY,2020,17230.0,,,,,Americas,AMR,COUNTRY,2024-12-10T17:44:48.22+01:00
MALARIA_TOTAL_CASES,KHM,2021,4382.0,,,,,Western Pacific,WPR,COUNTRY,2024-12-10T17:44:48.22+01:00
MALARIA_TOTAL_CASES,NPL,2015,19171.0,,,,,South-East Asia,SEAR,COUNTRY,2024-12-10T17:44:48.22+01:00
MALARIA_TOTAL_CASES,SAU,2015,2620.0,,,,,Eastern Mediterranean,EMR,COUNTRY,2024-12-10T17:44:48.22+01:00
MALARIA_TOTAL_CASES,DJI,2019,49402.0,,,,,Eastern Mediterranean,EMR,COUNTRY,2024-12-10T17:44:48.22+01:00
MALARIA_TOTAL_CASES,GUY,2019,18826.0,,,,,Americas,AMR,COUNTRY,2024-12-10T17:44:48.22+01:00
MALARIA_TOTAL_CASES,GAB,2021,141195.0,,,,,Africa,AFR,COUNTRY,2024-12-10T17:44:48.22+01:00
MALARIA_TOTAL_CASES,PRY,2016,10.0,,,,,Americas,AMR,COUNTRY,2024-12-10T17:44:48.22+01:00
MALARIA_TOTAL_CASES,TKM,2015,0.0,,,,,Europe,EUR,COUNTRY,2024-12-10T17:44:48.22+01:00
MALARIA_TOTAL_CASES,BFA,2019,6474757.0,,,,,Africa,AFR,COUNTRY,2024-12-10T17:44:48.22+01:00
MALARIA_TOTAL_CASES,MEX,2016,596.0,,,,,Americas,AMR,COUNTRY,2024-12-10T17:44:48.22+01:00
MALARIA_TOTAL_CASES,ZAF,2021,5889.0,,,,,Africa,AFR,COUNTRY,2024-12-10T17:44:48.22+01:00
MALARIA_TOTAL_CASES,HND,2019,391.0,,,,,Americas,AMR,COUNTRY,2024-12-10T17:44:48.22+01:00
MALARIA_TOTAL_CASES,VUT,2016,2531.0,,,,,Western Pacific,WPR,COUNTRY,2024-12-10T17:44:48.22+01:00
MALARIA_TOTAL_CASES,BWA,2019,272.0,,,,,Africa,AFR,COUNTRY,2024-12-10T17:44:48.22+01:00
MALARIA_TOTAL_CASES,NER,2023,4486983.0,,,,,Africa,AFR,COUNTRY,2024-12-10T17:44:48.22+01:00
MALARIA_TOTAL_CASES,ECU,2015,686.0,,,,,Americas,AMR,COUNTRY,2024-12-10T17:44:48.22+01:00
MALARIA_TOTAL_CASES,SWZ,2020,325.0,,,,,Africa,AFR,COUNTRY,2024-12-10T17:44:48.22+01:00
MALARIA_TOTAL_CASES,SDN,2017,1642058.0,,,,,Eastern Mediterranean,EMR,COUNTRY,2024-12-10T17:44:48.22+01:00
MALARIA_TOTAL_CASES,MYT,2017,19.0,,,,,Africa,AFR,COUNTRY,2024-12-10T17:44:48.22+01:00
MALARIA_TOTAL_CASES,GUY,2016,11108.0,,,,,Americas,AMR,COUNTRY,2024-12-10T17:44:48.22+01:00
MALARIA_TOTAL_CASES,TUR,2018,238.0,,,,,Europe,EUR,COUNTRY,2024-12-10T17:44:48.22+01:00
MALARIA_TOTAL_CASES,MDG,2022,1693321.0,,,,,Africa,AFR,COUNTRY,2024-12-10T17:44:48.22+01:00
MALARIA_TOTAL_CASES,UGA,2018,8522824.0,,,,,Africa,AFR,COUNTRY,2024-12-10T17:44:48.22+01:00
MALARIA_TOTAL_CASES,ZAF,2020,8126.0,,,,,Africa,AFR,COUNTRY,2024-12-10T17:44:48.22+01:00
MALARIA_TOTAL_CASES,PER,2021,18140.0,,,,,Americas,AMR,COUNTRY,2024-12-10T17:44:48.22+01:00
MALARIA_TOTAL_CASES,BOL,2018,5354.0,,,,,Americas,AMR,COUNTRY,2024-12-10T17:44:48.22+01:00
MALARIA_TOTAL_CASES,ETH,2021,1487758.0,,,,,Africa,AFR,COUNTRY,2024-12-10T17:44:48.22+01:00
MALARIA_TOTAL_CASES,RWA,2023,549326.0,,,,,Africa,AFR,COUNTRY,2024-12-10T17:44:48.22+01:00
MALARIA_TOTAL_CASES,CMR,2016,2615750.0,,,,,Africa,AFR,COUNTRY,2024-12-10T17:44:48.22+01:00
MALARIA_TOTAL_CASES,VUT,2019,576.0,,,,,Western Pacific,WPR,COUNTRY,2024-12-10T17:44:48.22+01:00
MALARIA_TOTAL_CASES,SUR,2015,376.0,,,,,Americas,AMR,COUNTRY,2024-12-10T17:44:48.22+01:00
MALARIA_TOTAL_CASES,GUY,2018,17038.0,,,,,Americas,AMR,COUNTRY,2024-12-10T17:44:48.22+01:00
MALARIA_TOTAL_CASES,TJK,2015,5.0,,,,,Europe,EUR,COUNTRY,2024-12-10T17:44:48.22+01:00
MALARIA_TOTAL_CASES,TCD,2017,1962372.0,,,,,Africa,AFR,COUNTRY,2024-12-10T17:44:48.22+01:00
MALARIA_TOTAL_CASES,MWI,2017,5936348.0,,,,,Africa,AFR,COUNTRY,2024-12-10T17:44:48.22+01:00
MALARIA_TOTAL_CASES,NGA,2022,24968466.0,,,,,Africa,AFR,COUNTRY,2024-12-10T17:44:48.22+01:00
MALARIA_TOTAL_CASES,DOM,2023,271.0,,,,,Americas,AMR,COUNTRY,2024-12-10T17:44:48.22+01:00
MALARIA_TOTAL_CASES,GIN,2022,2548231.0,,,,,Africa,AFR,COUNTRY,2024-12-10T17:44:48.22+01:00
MALARIA_TOTAL_CASES,ERI,2021,44036.0,,,,,Africa,AFR,COUNTRY,2024-12-10T17:44:48.22+01:00
MALARIA_TOTAL_CASES,MYS,2019,3941.0,,,,,Western Pacific,WPR,COUNTRY,2024-12-10T17:44:48.22+01:00
MALARIA_TOTAL_CASES,GIN,2018,1246598.0,,,,,Africa,AFR,COUNTRY,2024-12-10T17:44:48.22+01:00
MALARIA_TOTAL_CASES,NIC,2019,13226.0,,,,,Americas,AMR,COUNTRY,2024-12-10T17:44:48.22+01:00
MALARIA_TOTAL_CASES,STP,2016,2238.0,,,,,Africa,AFR,COUNTRY,2024-12-10T17:44:48.22+01:00
MALARIA_TOTAL_CASES,PHL,2019,5778.0,,,,,Western Pacific,WPR,COUNTRY,2024-12-10T17:44:48.22+01:00
MALARIA_TOTAL_CASES,SLV,2023,8.0,,,,,Americas,AMR,COUNTRY,2024-12-10T17:44:48.22+01:00
MALARIA_TOTAL_CASES,PAN,2016,811.0,,,,,Americas,AMR,COUNTRY,2024-12-10T17:44:48.22+01:00
MALARIA_TOTAL_CASES,GAB,2020,127500.0,,,,,Africa,AFR,COUNTRY,2024-12-10T17:44:48.22+01:00
MALARIA_TOTAL_CASES,ETH,2023,3288168.0,,,,,Africa,AFR,COUNTRY,2024-12-10T17:44:48.22+01:00
MALARIA_TOTAL_CASES,VEN,2022,151458.0,,,,,Americas,AMR,COUNTRY,2024-12-10T17:44:48.22+01:00
MALARIA_TOTAL_CASES,PRY,2022,3.0,,,,,Americas,AMR,COUNTRY,2024-12-10T17:44:48.22+01:00
MALARIA_TOTAL_CASES,PRY,2023,0.0,,,,,Americas,AMR,COUNTRY,2024-12-10T17:44:48.22+01:00
MALARIA_TOTAL_CASES,PRK,2023,3160.0,,,,,South-East Asia,SEAR,COUNTRY,2024-12-10T17:44:48.22+01:00
MALARIA_TOTAL_CASES,ZMB,2022,8318534.0,,,,,Africa,AFR,COUNTRY,2024-12-10T17:44:48.22+01:00
MALARIA_TOTAL_CASES,PAK,2018,1069052.0,,,,,Eastern Mediterranean,EMR,COUNTRY,2024-12-10T17:44:48.22+01:00
MALARIA_TOTAL_CASES,AFG,2020,105445.0,,,,,Eastern Mediterranean,EMR,COUNTRY,2024-12-10T17:44:48.22+01:00
MALARIA_TOTAL_CASES,PHL,2017,6806.0,,,,,Western Pacific,WPR,COUNTRY,2024-12-10T17:44:48.22+01:00
MALARIA_TOTAL_CASES,PAK,2020,372416.0,,,,,Eastern Mediterranean,EMR,COUNTRY,2024-12-10T17:44:48.22+01:00
MALARIA_TOTAL_CASES,CHN,2019,2487.0,,,,,Western Pacific,WPR,COUNTRY,2024-12-10T17:44:48.22+01:00
MALARIA_TOTAL_CASES,BWA,2015,346.0,,,,,Africa,AFR,COUNTRY,2024-12-10T17:44:48.22+01:00
MALARIA_TOTAL_CASES,SWZ,2021,581.0,,,,,Africa,AFR,COUNTRY,2024-12-10T17:44:48.22+01:00
MALARIA_TOTAL_CASES,SEN,2022,391679.0,,,,,Africa,AFR,COUNTRY,2024-12-10T17:44:48.22+01:00
MALARIA_TOTAL_CASES,KEN,2021,4697886.0,,,,,Africa,AFR,COUNTRY,2024-12-10T17:44:48.22+01:00
MALARIA_TOTAL_CASES,BOL,2023,10297.0,,,,,Americas,AMR,COUNTRY,2024-12-10T17:44:48.22+01:00
MALARIA_TOTAL_CASES,KHM,2023,1384.0,,,,,Western Pacific,WPR,COUNTRY,2024-12-10T17:44:48.22+01:00
MALARIA_TOTAL_CASES,MMR,2017,85019.0,,,,,South-East Asia,SEAR,COUNTRY,2024-12-10T17:44:48.22+01:00
MALARIA_TOTAL_CASES,VUT,2017,1228.0,,,,,Western Pacific,WPR,COUNTRY,2024-12-10T17:44:48.22+01:00
MALARIA_TOTAL_CASES,SLB,2017,68712.0,,,,,Western Pacific,WPR,COUNTRY,2024-12-10T17:44:48.22+01:00
MALARIA_TOTAL_CASES,NIC,2022,16158.0,,,,,Americas,AMR,COUNTRY,2024-12-10T17:44:48.22+01:00
MALARIA_TOTAL_CASES,RWA,2021,1163670.0,,,,,Africa,AFR,COUNTRY,2024-12-10T17:44:48.22+01:00
MALARIA_TOTAL_CASES,MWI,2020,7108848.0,,,,,Africa,AFR,COUNTRY,2024-12-10T17:44:48.22+01:00
MALARIA_TOTAL_CASES,SLE,2018,1781855.0,,,,,Africa,AFR,COUNTRY,2024-12-10T17:44:48.22+01:00
MALARIA_TOTAL_CASES,AFG,2015,383008.0,,,,,Eastern Mediterranean,EMR,COUNTRY,2024-12-10T17:44:48.22+01:00
MALARIA_TOTAL_CASES,DOM,2015,661.0,,,,,Americas,AMR,COUNTRY,2024-12-10T17:44:48.22+01:00
MALARIA_TOTAL_CASES,BRA,2021,163585.0,,,,,Americas,AMR,COUNTRY,2024-12-10T17:44:48.22+01:00
MALARIA_TOTAL_CASES,PER,2019,24483.0,,,,,Americas,AMR,COUNTRY,2024-12-10T17:44:48.22+01:00
MALARIA_TOTAL_CASES,LBR,2022,760056.0,,,,,Africa,AFR,COUNTRY,2024-12-10T17:44:48.22+01:00
MALARIA_TOTAL_CASES,BLZ,2022,0.0,,,,,Americas,AMR,COUNTRY,2024-12-10T17:44:48.22+01:00
MALARIA_TOTAL_CASES,VNM,2023,453.0,,,,,Western Pacific,WPR,COUNTRY,2024-12-10T17:44:48.22+01:00
MALARIA_TOTAL_CASES,ETH,2016,1962996.0,,,,,Africa,AFR,COUNTRY,2024-12-10T17:44:48.22+01:00
MALARIA_TOTAL_CASES,ZAF,2023,9890.0,,,,,Africa,AFR,COUNTRY,2024-12-10T17:44:48.22+01:00
MALARIA_TOTAL_CASES,MEX,2018,803.0,,,,,Americas,AMR,COUNTRY,2024-12-10T17:44:48.22+01:00
MALARIA_TOTAL_CASES,HND,2017,1283.0,,,,,Americas,AMR,COUNTRY,2024-12-10T17:44:48.22+01:00
MALARIA_TOTAL_CASES,ECU,2021,2436.0,,,,,Americas,AMR,COUNTRY,2024-12-10T17:44:48.22+01:00
MALARIA_TOTAL_CASES,COL,2015,65453.0,,,,,Americas,AMR,COUNTRY,2024-12-10T17:44:48.22+01:00
MALARIA_TOTAL_CASES,ZMB,2021,7159243.0,,,,,Africa,AFR,COUNTRY,2024-12-10T17:44:48.22+01:00
MALARIA_TOTAL_CASES,PAK,2023,2748549.0,,,,,Eastern Mediterranean,EMR,COUNTRY,2024-12-10T17:44:48.22+01:00
MALARIA_TOTAL_CASES,MDG,2019,984304.0,,,,,Africa,AFR,COUNTRY,2024-12-10T17:44:48.22+01:00
MALARIA_TOTAL_CASES,DZA,2020,2726.0,,,,,Africa,AFR,COUNTRY,2024-12-10T17:44:48.22+01:00
MALARIA_TOTAL_CASES,GNQ,2015,15142.0,,,,,Africa,AFR,COUNTRY,2024-12-10T17:44:48.22+01:00
MALARIA_TOTAL_CASES,TLS,2015,80.0,,,,,South-East Asia,SEAR,COUNTRY,2024-12-10T17:44:48.22+01:00
MALARIA_TOTAL_CASES,MRT,2022,130720.0,,,,,Africa,AFR,COUNTRY,2024-12-10T17:44:48.22+01:00
MALARIA_TOTAL_CASES,NAM,2018,36451.0,,,,,Africa,AFR,COUNTRY,2024-12-10T17:44:48.22+01:00
MALARIA_TOTAL_CASES,YEM,2015,104831.0,,,,,Eastern Mediterranean,EMR,COUNTRY,2024-12-10T17:44:48.22+01:00
MALARIA_TOTAL_CASES,NAM,2021,13738.0,,,,,Africa,AFR,COUNTRY,2024-12-10T17:44:48.22+01:00
MALARIA_TOTAL_CASES,SEN,2023,232465.0,,,,,Africa,AFR,COUNTRY,2024-12-10T17:44:48.22+01:00
MALARIA_TOTAL_CASES,PER,2020,15847.0,,,,,Americas,AMR,COUNTRY,2024-12-10T17:44:48.22+01:00
MALARIA_TOTAL_CASES,ARM,2016,2.0,,,,,Europe,EUR,COUNTRY,2024-12-10T17:44:48.22+01:00
MALARIA_TOTAL_CASES,YEM,2018,233143.0,,,,,Eastern Mediterranean,EMR,COUNTRY,2024-12-10T17:44:48.22+01:00
MALARIA_TOTAL_CASES,GUY,2022,20769.0,,,,,Americas,AMR,COUNTRY,2024-12-10T17:44:48.22+01:00
MALARIA_TOTAL_CASES,SSD,2019,4064662.0,,,,,Africa,AFR,COUNTRY,2024-12-10T17:44:48.22+01:00
MALARIA_TOTAL_CASES,ETH,2018,1206891.0,,,,,Africa,AFR,COUNTRY,2024-12-10T17:44:48.22+01:00
MALARIA_TOTAL_CASES,CAF,2020,1980804.0,,,,,Africa,AFR,COUNTRY,2024-12-10T17:44:48.22+01:00
MALARIA_TOTAL_CASES,BOL,2020,12187.0,,,,,Americas,AMR,COUNTRY,2024-12-10T17:44:48.22+01:00
MALARIA_TOTAL_CASES,ZMB,2016,5976192.0,,,,,Africa,AFR,COUNTRY,2024-12-10T17:44:48.22+01:00
MALARIA_TOTAL_CASES,KEN,2017,8462076.0,,,,,Africa,AFR,COUNTRY,2024-12-10T17:44:48.22+01:00
MALARIA_TOTAL_CASES,SLV,2015,9.0,,,,,Americas,AMR,COUNTRY,2024-12-10T17:44:48.22+01:00
MALARIA_TOTAL_CASES,SDN,2016,897194.0,,,,,Eastern Mediterranean,EMR,COUNTRY,2024-12-10T17:44:48.22+01:00
MALARIA_TOTAL_CASES,GNQ,2016,147714.0,,,,,Africa,AFR,COUNTRY,2024-12-10T17:44:48.22+01:00
MALARIA_TOTAL_CASES,SDN,2023,1304528.0,,,,,Eastern Mediterranean,EMR,COUNTRY,2024-12-10T17:44:48.22+01:00
MALARIA_TOTAL_CASES,MDG,2016,1216077.0,,,,,Africa,AFR,COUNTRY,2024-12-10T17:44:48.22+01:00
MALARIA_TOTAL_CASES,NIC,2021,23323.0,,,,,Americas,AMR,COUNTRY,2024-12-10T17:44:48.22+01:00
MALARIA_TOTAL_CASES,BTN,2020,54.0,,,,,South-East Asia,SEAR,COUNTRY,2024-12-10T17:44:48.22+01:00
MALARIA_TOTAL_CASES,GAB,2022,100290.0,,,,,Africa,AFR,COUNTRY,2024-12-10T17:44:48.22+01:00
MALARIA_TOTAL_CASES,TKM,2016,0.0,,,,,Europe,EUR,COUNTRY,2024-12-10T17:44:48.22+01:00
MALARIA_TOTAL_CASES,CIV,2021,7633965.0,,,,,Africa,AFR,COUNTRY,2024-12-10T17:44:48.22+01:00
MALARIA_TOTAL_CASES,SLE,2019,2445392.0,,,,,Africa,AFR,COUNTRY,2024-12-10T17:44:48.22+01:00
MALARIA_TOTAL_CASES,PAN,2015,562.0,,,,,Americas,AMR,COUNTRY,2024-12-10T17:44:48.22+01:00
MALARIA_TOTAL_CASES,MYT,2023,38.0,,,,,Africa,AFR,COUNTRY,2024-12-10T17:44:48.22+01:00
MALARIA_TOTAL_CASES,GMB,2018,88654.0,,,,,Africa,AFR,COUNTRY,2024-12-10T17:44:48.22+01:00
MALARIA_TOTAL_CASES,PAN,2019,1597.0,,,,,Americas,AMR,COUNTRY,2024-12-10T17:44:48.22+01:00
MALARIA_TOTAL_CASES,VNM,2019,5987.0,,,,,Western Pacific,WPR,COUNTRY,2024-12-10T17:44:48.22+01:00
MALARIA_TOTAL_CASES,KGZ,2018,0.0,,,,,Europe,EUR,COUNTRY,2024-12-10T17:44:48.22+01:00
MALARIA_TOTAL_CASES,MDG,2017,1163807.0,,,,,Africa,AFR,COUNTRY,2024-12-10T17:44:48.22+01:00
MALARIA_TOTAL_CASES,AFG,2022,125788.0,,,,,Eastern Mediterranean,EMR,COUNTRY,2024-12-10T17:44:48.22+01:00
MALARIA_TOTAL_CASES,DJI,2018,25319.0,,,,,Eastern Mediterranean,EMR,COUNTRY,2024-12-10T17:44:48.22+01:00
MALARIA_TOTAL_CASES,CAF,2018,995157.0,,,,,Africa,AFR,COUNTRY,2024-12-10T17:44:48.22+01:00
MALARIA_TOTAL_CASES,TKM,2017,0.0,,,,,Europe,EUR,COUNTRY,2024-12-10T17:44:48.22+01:00
MALARIA_TOTAL_CASES,CMR,2018,3550183.0,,,,,Africa,AFR,COUNTRY,2024-12-10T17:44:48.22+01:00
MALARIA_TOTAL_CASES,MYS,2022,2807.0,,,,,Western Pacific,WPR,COUNTRY,2024-12-10T17:44:48.22+01:00
MALARIA_TOTAL_CASES,PNG,2023,952886.0,,,,,Western Pacific,WPR,COUNTRY,2024-12-10T17:44:48.22+01:00
MALARIA_TOTAL_CASES,ARG,2016,9.0,,,,,Americas,AMR,COUNTRY,2024-12-10T17:44:48.22+01:00
MALARIA_TOTAL_CASES,PAK,2022,1824844.0,,,,,Eastern Mediterranean,EMR,COUNTRY,2024-12-10T17:44:48.22+01:00
MALARIA_TOTAL_CASES,COG,2020,103692.0,,,,,Africa,AFR,COUNTRY,2024-12-10T17:44:48.22+01:00
MALARIA_TOTAL_CASES,RWA,2022,857228.0,,,,,Africa,AFR,COUNTRY,2024-12-10T17:44:48.22+01:00
MALARIA_TOTAL_CASES,KOR,2020,390.0,,,,,Western Pacific,WPR,COUNTRY,2024-12-10T17:44:48.22+01:00
MALARIA_TOTAL_CASES,MDG,2015,1366205.0,,,,,Africa,AFR,COUNTRY,2024-12-10T17:44:48.22+01:00
MALARIA_TOTAL_CASES,SSD,2015,3789475.0,,,,,Africa,AFR,COUNTRY,2024-12-10T17:44:48.22+01:00
MALARIA_TOTAL_CASES,UZB,2019,1.0,,,,,Europe,EUR,COUNTRY,2024-12-10T17:44:48.22+01:00
MALARIA_TOTAL_CASES,CIV,2017,4152065.0,,,,,Africa,AFR,COUNTRY,2024-12-10T17:44:48.22+01:00
MALARIA_TOTAL_CASES,PAN,2022,7173.0,,,,,Americas,AMR,COUNTRY,2024-12-10T17:44:48.22+01:00
MALARIA_TOTAL_CASES,COD,2019,24124400.0,,,,,Africa,AFR,COUNTRY,2024-12-10T17:44:48.22+01:00
MALARIA_TOTAL_CASES,BDI,2021,6618492.0,,,,,Africa,AFR,COUNTRY,2024-12-10T17:44:48.22+01:00
MALARIA_TOTAL_CASES,YEM,2020,202671.0,,,,,Eastern Mediterranean,EMR,COUNTRY,2024-12-10T17:44:48.22+01:00
MALARIA_TOTAL_CASES,MWI,2015,4933416.0,,,,,Africa,AFR,COUNTRY,2024-12-10T17:44:48.22+01:00
MALARIA_TOTAL_CASES,NGA,2020,21580056.0,,,,,Africa,AFR,COUNTRY,2024-12-10T17:44:48.22+01:00
MALARIA_TOTAL_CASES,GUY,2017,13936.0,,,,,Americas,AMR,COUNTRY,2024-12-10T17:44:48.22+01:00
MALARIA_TOTAL_CASES,SAU,2020,3658.0,,,,,Eastern Mediterranean,EMR,COUNTRY,2024-12-10T17:44:48.22+01:00
MALARIA_TOTAL_CASES,BGD,2018,10523.0,,,,,South-East Asia,SEAR,COUNTRY,2024-12-10T17:44:48.22+01:00
MALARIA_TOTAL_CASES,KEN,2016,8647072.0,,,,,Africa,AFR,COUNTRY,2024-12-10T17:44:48.22+01:00
MALARIA_TOTAL_CASES,THA,2022,10154.0,,,,,South-East Asia,SEAR,COUNTRY,2024-12-10T17:44:48.22+01:00
MALARIA_TOTAL_CASES,PRK,2015,7409.0,,,,,South-East Asia,SEAR,COUNTRY,2024-12-10T17:44:48.22+01:00
MALARIA_TOTAL_CASES,IRN,2017,939.0,,,,,Eastern Mediterranean,EMR,COUNTRY,2024-12-10T17:44:48.22+01:00
MALARIA_TOTAL_CASES,MYS,2016,2302.0,,,,,Western Pacific,WPR,COUNTRY,2024-12-10T17:44:48.22+01:00
MALARIA_TOTAL_CASES,SLE,2023,2148650.0,,,,,Africa,AFR,COUNTRY,2024-12-10T17:44:48.22+01:00
MALARIA_TOTAL_CASES,BFA,2018,11991146.0,,,,,Africa,AFR,COUNTRY,2024-12-10T17:44:48.22+01:00
MALARIA_TOTAL_CASES,GEO,2018,9.0,,,,,Europe,EUR,COUNTRY,2024-12-10T17:44:48.22+01:00
MALARIA_TOTAL_CASES,BFA,2020,11567698.0,,,,,Africa,AFR,COUNTRY,2024-12-10T17:44:48.22+01:00
MALARIA_TOTAL_CASES,SAU,2017,3151.0,,,,,Eastern Mediterranean,EMR,COUNTRY,2024-12-10T17:44:48.22+01:00
MALARIA_TOTAL_CASES,KHM,2018,62582.0,,,,,Western Pacific,WPR,COUNTRY,2024-12-10T17:44:48.22+01:00
MALARIA_TOTAL_CASES,GAB,2018,797278.0,,,,,Africa,AFR,COUNTRY,2024-12-10T17:44:48.22+01:00
MALARIA_TOTAL_CASES,BEN,2023,2069294.0,,,,,Africa,AFR,COUNTRY,2024-12-10T17:44:48.22+01:00
MALARIA_TOTAL_CASES,MLI,2022,4004297.0,,,,,Africa,AFR,COUNTRY,2024-12-10T17:44:48.22+01:00
MALARIA_TOTAL_CASES,GNB,2017,152619.0,,,,,Africa,AFR,COUNTRY,2024-12-10T17:44:48.22+01:00
MALARIA_TOTAL_CASES,MOZ,2021,10106592.0,,,,,Africa,AFR,COUNTRY,2024-12-10T17:44:48.22+01:00
MALARIA_TOTAL_CASES,LBR,2016,2343410.0,,,,,Africa,AFR,COUNTRY,2024-12-10T17:44:48.22+01:00
MALARIA_TOTAL_CASES,COM,2018,19682.0,,,,,Africa,AFR,COUNTRY,2024-12-10T17:44:48.22+01:00
MALARIA_TOTAL_CASES,PER,2022,27785.0,,,,,Americas,AMR,COUNTRY,2024-12-10T17:44:48.22+01:00
MALARIA_TOTAL_CASES,IND,2015,1169261.0,,,,,South-East Asia,SEAR,COUNTRY,2024-12-10T17:44:48.22+01:00
MALARIA_TOTAL_CASES,SWZ,2015,475.0,,,,,Africa,AFR,COUNTRY,2024-12-10T17:44:48.22+01:00
MALARIA_TOTAL_CASES,IND,2023,227564.0,,,,,South-East Asia,SEAR,COUNTRY,2024-12-10T17:44:48.22+01:00
MALARIA_TOTAL_CASES,NAM,2015,12050.0,,,,,Africa,AFR,COUNTRY,2024-12-10T17:44:48.22+01:00
MALARIA_TOTAL_CASES,SAU,2016,5382.0,,,,,Eastern Mediterranean,EMR,COUNTRY,2024-12-10T17:44:48.22+01:00
MALARIA_TOTAL_CASES,ARG,2023,16.0,,,,,Americas,AMR,COUNTRY,2024-12-10T17:44:48.22+01:00
MALARIA_TOTAL_CASES,ARG,2022,10.0,,,,,Americas,AMR,COUNTRY,2024-12-10T17:44:48.22+01:00
MALARIA_TOTAL_CASES,COD,2021,24592388.0,,,,,Africa,AFR,COUNTRY,2024-12-10T17:44:48.22+01:00
MALARIA_TOTAL_CASES,KOR,2016,673.0,,,,,Western Pacific,WPR,COUNTRY,2024-12-10T17:44:48.22+01:00
MALARIA_TOTAL_CASES,ERI,2022,65853.0,,,,,Africa,AFR,COUNTRY,2024-12-10T17:44:48.22+01:00
MALARIA_TOTAL_CASES,HND,2018,653.0,,,,,Americas,AMR,COUNTRY,2024-12-10T17:44:48.22+01:00
MALARIA_TOTAL_CASES,COM,2023,21079.0,,,,,Africa,AFR,COUNTRY,2024-12-10T17:44:48.22+01:00
MALARIA_TOTAL_CASES,MWI,2019,5151732.0,,,,,Africa,AFR,COUNTRY,2024-12-10T17:44:48.22+01:00
MALARIA_TOTAL_CASES,LAO,2020,3498.0,,,,,Western Pacific,WPR,COUNTRY,2024-12-10T17:44:48.22+01:00
MALARIA_TOTAL_CASES,CPV,2023,37.0,,,,,Africa,AFR,COUNTRY,2024-12-10T17:44:48.22+01:00
MALARIA_TOTAL_CASES,UGA,2015,13696889.0,,,,,Africa,AFR,COUNTRY,2024-12-10T17:44:48.22+01:00
MALARIA_TOTAL_CASES,GUF,2019,212.0,,,,,Americas,AMR,COUNTRY,2024-12-10T17:44:48.22+01:00
MALARIA_TOTAL_CASES,VUT,2020,507.0,,,,,Western Pacific,WPR,COUNTRY,2024-12-10T17:44:48.22+01:00
MALARIA_TOTAL_CASES,PHL,2021,4297.0,,,,,Western Pacific,WPR,COUNTRY,2024-12-10T17:44:48.22+01:00
MALARIA_TOTAL_CASES,HTI,2018,8828.0,,,,,Americas,AMR,COUNTRY,2024-12-10T17:44:48.22+01:00
MALARIA_TOTAL_CASES,CIV,2022,8408469.0,,,,,Africa,AFR,COUNTRY,2024-12-10T17:44:48.22+01:00
MALARIA_TOTAL_CASES,YEM,2023,199420.0,,,,,Eastern Mediterranean,EMR,COUNTRY,2024-12-10T17:44:48.22+01:00
MALARIA_TOTAL_CASES,RWA,2016,3380568.0,,,,,Africa,AFR,COUNTRY,2024-12-10T17:44:48.22+01:00
MALARIA_TOTAL_CASES,BEN,2020,2632959.0,,,,,Africa,AFR,COUNTRY,2024-12-10T17:44:48.22+01:00
MALARIA_TOTAL_CASES,HND,2015,3555.0,,,,,Americas,AMR,COUNTRY,2024-12-10T17:44:48.22+01:00
MALARIA_TOTAL_CASES,ZWE,2015,484794.0,,,,,Africa,AFR,COUNTRY,2024-12-10T17:44:48.22+01:00
MALARIA_TOTAL_CASES,BEN,2022,2653438.0,,,,,Africa,AFR,COUNTRY,2024-12-10T17:44:48.22+01:00
MALARIA_TOTAL_CASES,COL,2018,63143.0,,,,,Americas,AMR,COUNTRY,2024-12-10T17:44:48.22+01:00
MALARIA_TOTAL_CASES,MWI,2023,6451946.0,,,,,Africa,AFR,COUNTRY,2024-12-10T17:44:48.22+01:00
MALARIA_TOTAL_CASES,HND,2023,2631.0,,,,,Americas,AMR,COUNTRY,2024-12-10T17:44:48.22+01:00
MALARIA_TOTAL_CASES,YEM,2016,145627.0,,,,,Eastern Mediterranean,EMR,COUNTRY,2024-12-10T17:44:48.22+01:00
MALARIA_TOTAL_CASES,MMR,2021,79001.0,,,,,South-East Asia,SEAR,COUNTRY,2024-12-10T17:44:48.22+01:00
MALARIA_TOTAL_CASES,SOM,2020,27333.0,,,,,Eastern Mediterranean,EMR,COUNTRY,2024-12-10T17:44:48.22+01:00
MALARIA_TOTAL_CASES,COG,2021,351136.0,,,,,Africa,AFR,COUNTRY,2024-12-10T17:44:48.22+01:00
MALARIA_TOTAL_CASES,BRA,2022,151530.0,,,,,Americas,AMR,COUNTRY,2024-12-10T17:44:48.22+01:00
MALARIA_TOTAL_CASES,SLB,2021,129758.0,,,,,Western Pacific,WPR,COUNTRY,2024-12-10T17:44:48.22+01:00
MALARIA_TOTAL_CASES,TUR,2016,209.0,,,,,Europe,EUR,COUNTRY,2024-12-10T17:44:48.22+01:00
MALARIA_TOTAL_CASES,COL,2023,105479.0,,,,,Americas,AMR,COUNTRY,2024-12-10T17:44:48.22+01:00
MALARIA_TOTAL_CASES,ERI,2020,75756.0,,,,,Africa,AFR,COUNTRY,2024-12-10T17:44:48.22+01:00
MALARIA_TOTAL_CASES,BOL,2016,5553.0,,,,,Americas,AMR,COUNTRY,2024-12-10T17:44:48.22+01:00
MALARIA_TOTAL_CASES,TGO,2016,1746334.0,,,,,Africa,AFR,COUNTRY,2024-12-10T17:44:48.22+01:00
MALARIA_TOTAL_CASES,HND,2020,913.0,,,,,Americas,AMR,COUNTRY,2024-12-10T17:44:48.22+01:00
MALARIA_TOTAL_CASES,SOM,2017,37156.0,,,,,Eastern Mediterranean,EMR,COUNTRY,2024-12-10T17:44:48.22+01:00
MALARIA_TOTAL_CASES,KEN,2020,7285476.0,,,,,Africa,AFR,COUNTRY,2024-12-10T17:44:48.22+01:00
MALARIA_TOTAL_CASES,YEM,2017,143333.0,,,,,Eastern Mediterranean,EMR,COUNTRY,2024-12-10T17:44:48.22+01:00
MALARIA_TOTAL_CASES,SUR,2023,102.0,,,,,Americas,AMR,COUNTRY,2024-12-10T17:44:48.22+01:00
MALARIA_TOTAL_CASES,MMR,2018,76518.0,,,,,South-East Asia,SEAR,COUNTRY,2024-12-10T17:44:48.22+01:00
MALARIA_TOTAL_CASES,SLE,2021,2043818.0,,,,,Africa,AFR,COUNTRY,2024-12-10T17:44:48.22+01:00
MALARIA_TOTAL_CASES,TLS,2017,30.0,,,,,South-East Asia,SEAR,COUNTRY,2024-12-10T17:44:48.22+01:00
MALARIA_TOTAL_CASES,BOL,2022,10330.0,,,,,Americas,AMR,COUNTRY,2024-12-10T17:44:48.22+01:00
MALARIA_TOTAL_CASES,VNM,2022,455.0,,,,,Western Pacific,WPR,COUNTRY,2024-12-10T17:44:48.22+01:00
MALARIA_TOTAL_CASES,TLS,2019,9.0,,,,,South-East Asia,SEAR,COUNTRY,2024-12-10T17:44:48.22+01:00
MALARIA_TOTAL_CASES,COM,2020,4546.0,,,,,Africa,AFR,COUNTRY,2024-12-10T17:44:48.22+01:00
MALARIA_TOTAL_CASES,SDN,2018,3627586.0,,,,,Eastern Mediterranean,EMR,COUNTRY,2024-12-10T17:44:48.22+01:00
MALARIA_TOTAL_CASES,PRK,2021,2357.0,,,,,South-East Asia,SEAR,COUNTRY,2024-12-10T17:44:48.22+01:00
MALARIA_TOTAL_CASES,SDN,2019,3568941.0,,,,,Eastern Mediterranean,EMR,COUNTRY,2024-12-10T17:44:48.22+01:00
MALARIA_TOTAL_CASES,MOZ,2019,11781516.0,,,,,Africa,AFR,COUNTRY,2024-12-10T17:44:48.22+01:00
MALARIA_TOTAL_CASES,NIC,2018,15934.0,,,,,Americas,AMR,COUNTRY,2024-12-10T17:44:48.22+01:00
MALARIA_TOTAL_CASES,SWZ,2016,317.0,,,,,Africa,AFR,COUNTRY,2024-12-10T17:44:48.22+01:00
MALARIA_TOTAL_CASES,PHL,2023,6248.0,,,,,Western Pacific,WPR,COUNTRY,2024-12-10T17:44:48.22+01:00
MALARIA_TOTAL_CASES,TGO,2020,1737469.0,,,,,Africa,AFR,COUNTRY,2024-12-10T17:44:48.22+01:00
MALARIA_TOTAL_CASES,BEN,2016,1667005.0,,,,,Africa,AFR,COUNTRY,2024-12-10T17:44:48.22+01:00
MALARIA_TOTAL_CASES,PAN,2017,689.0,,,,,Americas,AMR,COUNTRY,2024-12-10T17:44:48.22+01:00
MALARIA_TOTAL_CASES,TGO,2023,2367706.0,,,,,Africa,AFR,COUNTRY,2024-12-10T17:44:48.22+01:00
MALARIA_TOTAL_CASES,IDN,2019,250646.0,,,,,South-East Asia,SEAR,COUNTRY,2024-12-10T17:44:48.22+01:00
MALARIA_TOTAL_CASES,COL,2020,81829.0,,,,,Americas,AMR,COUNTRY,2024-12-10T17:44:48.22+01:00
MALARIA_TOTAL_CASES,MLI,2017,2456639.0,,,,,Africa,AFR,COUNTRY,2024-12-10T17:44:48.22+01:00
MALARIA_TOTAL_CASES,CPV,2017,457.0,,,,,Africa,AFR,COUNTRY,2024-12-10T17:44:48.22+01:00
MALARIA_TOTAL_CASES,KGZ,2019,1.0,,,,,Europe,EUR,COUNTRY,2024-12-10T17:44:48.22+01:00
MALARIA_TOTAL_CASES,GTM,2020,1058.0,,,,,Americas,AMR,COUNTRY,2024-12-10T17:44:48.22+01:00
MALARIA_TOTAL_CASES,STP,2017,2241.0,,,,,Africa,AFR,COUNTRY,2024-12-10T17:44:48.22+01:00
MALARIA_TOTAL_CASES,COM,2016,1734.0,,,,,Africa,AFR,COUNTRY,2024-12-10T17:44:48.22+01:00
MALARIA_TOTAL_CASES,DJI,2022,40648.0,,,,,Eastern Mediterranean,EMR,COUNTRY,2024-12-10T17:44:48.22+01:00
MALARIA_TOTAL_CASES,HTI,2015,17583.0,,,,,Americas,AMR,COUNTRY,2024-12-10T17:44:48.22+01:00
MALARIA_TOTAL_CASES,KEN,2022,5232307.0,,,,,Africa,AFR,COUNTRY,2024-12-10T17:44:48.22+01:00
MALARIA_TOTAL_CASES,UGA,2016,14008604.0,,,,,Africa,AFR,COUNTRY,2024-12-10T17:44:48.22+01:00
MALARIA_TOTAL_CASES,ZWE,2016,384029.0,,,,,Africa,AFR,COUNTRY,2024-12-10T17:44:48.22+01:00
MALARIA_TOTAL_CASES,BOL,2017,4587.0,,,,,Americas,AMR,COUNTRY,2024-12-10T17:44:48.22+01:00
MALARIA_TOTAL_CASES,SUR,2016,332.0,,,,,Americas,AMR,COUNTRY,2024-12-10T17:44:48.22+01:00
MALARIA_TOTAL_CASES,ERI,2015,32974.0,,,,,Africa,AFR,COUNTRY,2024-12-10T17:44:48.22+01:00
MALARIA_TOTAL_CASES,SLV,2020,0.0,,,,,Americas,AMR,COUNTRY,2024-12-10T17:44:48.22+01:00
MALARIA_TOTAL_CASES,GTM,2019,2072.0,,,,,Americas,AMR,COUNTRY,2024-12-10T17:44:48.22+01:00
MALARIA_TOTAL_CASES,TCD,2015,1490556.0,,,,,Africa,AFR,COUNTRY,2024-12-10T17:44:48.22+01:00
MALARIA_TOTAL_CASES,COL,2022,73561.0,,,,,Americas,AMR,COUNTRY,2024-12-10T17:44:48.22+01:00
MALARIA_TOTAL_CASES,BFA,2022,11958988.0,,,,,Africa,AFR,COUNTRY,2024-12-10T17:44:48.22+01:00
MALARIA_TOTAL_CASES,SOM,2019,65375.0,,,,,Eastern Mediterranean,EMR,COUNTRY,2024-12-10T17:44:48.22+01:00
MALARIA_TOTAL_CASES,VEN,2021,194057.0,,,,,Americas,AMR,COUNTRY,2024-12-10T17:44:48.22+01:00
MALARIA_TOTAL_CASES,KEN,2018,10875734.0,,,,,Africa,AFR,COUNTRY,2024-12-10T17:44:48.22+01:00
MALARIA_TOTAL_CASES,COL,2021,74707.0,,,,,Americas,AMR,COUNTRY,2024-12-10T17:44:48.22+01:00
MALARIA_TOTAL_CASES,BRA,2018,244042.0,,,,,Americas,AMR,COUNTRY,2024-12-10T17:44:48.22+01:00
MALARIA_TOTAL_CASES,COD,2020,24959996.0,,,,,Africa,AFR,COUNTRY,2024-12-10T17:44:48.22+01:00
MALARIA_TOTAL_CASES,KHM,2017,76804.0,,,,,Western Pacific,WPR,COUNTRY,2024-12-10T17:44:48.22+01:00
MALARIA_TOTAL_CASES,BDI,2020,4732339.0,,,,,Africa,AFR,COUNTRY,2024-12-10T17:44:48.22+01:00
MALARIA_TOTAL_CASES,STP,2021,2730.0,,,,,Africa,AFR,COUNTRY,2024-12-10T17:44:48.22+01:00
MALARIA_TOTAL_CASES,GUY,2023,28776.0,,,,,Americas,AMR,COUNTRY,2024-12-10T17:44:48.22+01:00
MALARIA_TOTAL_CASES,COG,2022,581329.0,,,,,Africa,AFR,COUNTRY,2024-12-10T17:44:48.22+01:00
MALARIA_TOTAL_CASES,PRY,2019,2.0,,,,,Americas,AMR,COUNTRY,2024-12-10T17:44:48.22+01:00
MALARIA_TOTAL_CASES,SDN,2020,3412499.0,,,,,Eastern Mediterranean,EMR,COUNTRY,2024-12-10T17:44:48.22+01:00
MALARIA_TOTAL_CASES,CRI,2021,232.0,,,,,Americas,AMR,COUNTRY,2024-12-10T17:44:48.22+01:00
MALARIA_TOTAL_CASES,VEN,2019,492753.0,,,,,Americas,AMR,COUNTRY,2024-12-10T17:44:48.22+01:00
MALARIA_TOTAL_CASES,VEN,2018,522059.0,,,,,Americas,AMR,COUNTRY,2024-12-10T17:44:48.22+01:00
MALARIA_TOTAL_CASES,TCD,2023,2294100.0,,,,,Africa,AFR,COUNTRY,2024-12-10T17:44:48.22+01:00
MALARIA_TOTAL_CASES,MEX,2015,551.0,,,,,Americas,AMR,COUNTRY,2024-12-10T17:44:48.22+01:00
MALARIA_TOTAL_CASES,VUT,2021,322.0,,,,,Western Pacific,WPR,COUNTRY,2024-12-10T17:44:48.22+01:00
MALARIA_TOTAL_CASES,SLB,2022,139810.0,,,,,Western Pacific,WPR,COUNTRY,2024-12-10T17:44:48.22+01:00
MALARIA_TOTAL_CASES,MRT,2017,182677.0,,,,,Africa,AFR,COUNTRY,2024-12-10T17:44:48.22+01:00
MALARIA_TOTAL_CASES,PNG,2019,804134.0,,,,,Western Pacific,WPR,COUNTRY,2024-12-10T17:44:48.22+01:00
MALARIA_TOTAL_CASES,MMR,2020,58836.0,,,,,South-East Asia,SEAR,COUNTRY,2024-12-10T17:44:48.22+01:00
MALARIA_TOTAL_CASES,CPV,2021,21.0,,,,,Africa,AFR,COUNTRY,2024-12-10T17:44:48.22+01:00
MALARIA_TOTAL_CASES,LAO,2016,15509.0,,,,,Western Pacific,WPR,COUNTRY,2024-12-10T17:44:48.22+01:00
MALARIA_TOTAL_CASES,SSD,2022,5538588.0,,,,,Africa,AFR,COUNTRY,2024-12-10T17:44:48.22+01:00
MALARIA_TOTAL_CASES,CPV,2018,21.0,,,,,Africa,AFR,COUNTRY,2024-12-10T17:44:48.22+01:00
MALARIA_TOTAL_CASES,AGO,2015,3254270.0,,,,,Africa,AFR,COUNTRY,2024-12-10T17:44:48.22+01:00
MALARIA_TOTAL_CASES,TGO,2021,1845368.0,,,,,Africa,AFR,COUNTRY,2024-12-10T17:44:48.22+01:00
MALARIA_TOTAL_CASES,BFA,2021,12465543.0,,,,,Africa,AFR,COUNTRY,2024-12-10T17:44:48.22+01:00
MALARIA_TOTAL_CASES,SLE,2020,1223397.0,,,,,Africa,AFR,COUNTRY,2024-12-10T17:44:48.22+01:00
MALARIA_TOTAL_CASES,COD,2017,16888842.0,,,,,Africa,AFR,COUNTRY,2024-12-10T17:44:48.22+01:00
MALARIA_TOTAL_CASES,DZA,2021,1164.0,,,,,Africa,AFR,COUNTRY,2024-12-10T17:44:48.22+01:00
MALARIA_TOTAL_CASES,CIV,2019,5950336.0,,,,,Africa,AFR,COUNTRY,2024-12-10T17:44:48.22+01:00
MALARIA_TOTAL_CASES,GTM,2023,3053.0,,,,,Americas,AMR,COUNTRY,2024-12-10T17:44:48.22+01:00
MALARIA_TOTAL_CASES,IND,2016,1087285.0,,,,,South-East Asia,SEAR,COUNTRY,2024-12-10T17:44:48.22+01:00
MALARIA_TOTAL_CASES,UGA,2017,11667831.0,,,,,Africa,AFR,COUNTRY,2024-12-10T17:44:48.22+01:00
MALARIA_TOTAL_CASES,UGA,2019,15592793.0,,,,,Africa,AFR,COUNTRY,2024-12-10T17:44:48.22+01:00
MALARIA_TOTAL_CASES,IND,2020,186532.0,,,,,South-East Asia,SEAR,COUNTRY,2024-12-10T17:44:48.22+01:00
MALARIA_TOTAL_CASES,PRK,2016,5113.0,,,,,South-East Asia,SEAR,COUNTRY,2024-12-10T17:44:48.22+01:00
MALARIA_TOTAL_CASES,CRI,2017,25.0,,,,,Americas,AMR,COUNTRY,2024-12-10T17:44:48.22+01:00
MALARIA_TOTAL_CASES,BRA,2015,169390.0,,,,,Americas,AMR,COUNTRY,2024-12-10T17:44:48.22+01:00
MALARIA_TOTAL_CASES,AFG,2018,299863.0,,,,,Eastern Mediterranean,EMR,COUNTRY,2024-12-10T17:44:48.22+01:00
MALARIA_TOTAL_CASES,CRI,2016,13.0,,,,,Americas,AMR,COUNTRY,2024-12-10T17:44:48.22+01:00
MALARIA_TOTAL_CASES,BLZ,2019,2.0,,,,,Americas,AMR,COUNTRY,2024-12-10T17:44:48.22+01:00
MALARIA_TOTAL_CASES,PRY,2020,1.0,,,,,Americas,AMR,COUNTRY,2024-12-10T17:44:48.22+01:00
MALARIA_TOTAL_CASES,ETH,2015,2174707.0,,,,,Africa,AFR,COUNTRY,2024-12-10T17:44:48.22+01:00
MALARIA_TOTAL_CASES,BFA,2016,9799818.0,,,,,Africa,AFR,COUNTRY,2024-12-10T17:44:48.22+01:00
MALARIA_TOTAL_CASES,DOM,2018,484.0,,,,,Americas,AMR,COUNTRY,2024-12-10T17:44:48.22+01:00
MALARIA_TOTAL_CASES,BRA,2019,190745.0,,,,,Americas,AMR,COUNTRY,2024-12-10T17:44:48.22+01:00
MALARIA_TOTAL_CASES,BTN,2022,6.0,,,,,South-East Asia,SEAR,COUNTRY,2024-12-10T17:44:48.22+01:00
MALARIA_TOTAL_CASES,GAB,2016,161508.0,,,,,Africa,AFR,COUNTRY,2024-12-10T17:44:48.22+01:00
MALARIA_TOTAL_CASES,AZE,2019,0.0,,,,,Europe,EUR,COUNTRY,2024-12-10T17:44:48.22+01:00
MALARIA_TOTAL_CASES,PAK,2021,400316.0,,,,,Eastern Mediterranean,EMR,COUNTRY,2024-12-10T17:44:48.22+01:00
MALARIA_TOTAL_CASES,BRA,2016,152160.0,,,,,Americas,AMR,COUNTRY,2024-12-10T17:44:48.22+01:00
MALARIA_TOTAL_CASES,BTN,2019,42.0,,,,,South-East Asia,SEAR,COUNTRY,2024-12-10T17:44:48.22+01:00
MALARIA_TOTAL_CASES,GHA,2020,5879506.0,,,,,Africa,AFR,COUNTRY,2024-12-10T17:44:48.22+01:00
MALARIA_TOTAL_CASES,MYT,2016,28.0,,,,,Africa,AFR,COUNTRY,2024-12-10T17:44:48.22+01:00
MALARIA_TOTAL_CASES,GNQ,2018,10926.0,,,,,Africa,AFR,COUNTRY,2024-12-10T17:44:48.22+01:00
MALARIA_TOTAL_CASES,SLB,2020,90830.0,,,,,Western Pacific,WPR,COUNTRY,2024-12-10T17:44:48.22+01:00
MALARIA_TOTAL_CASES,BLZ,2018,7.0,,,,,Americas,AMR,COUNTRY,2024-12-10T17:44:48.22+01:00
MALARIA_TOTAL_CASES,CHN,2016,3151.0,,,,,Western Pacific,WPR,COUNTRY,2024-12-10T17:44:48.22+01:00
MALARIA_TOTAL_CASES,ZAF,2017,29615.0,,,,,Africa,AFR,COUNTRY,2024-12-10T17:44:48.22+01:00
MALARIA_TOTAL_CASES,AGO,2017,4500221.0,,,,,Africa,AFR,COUNTRY,2024-12-10T17:44:48.22+01:00
MALARIA_TOTAL_CASES,MDG,2021,2365135.0,,,,,Africa,AFR,COUNTRY,2024-12-10T17:44:48.22+01:00
MALARIA_TOTAL_CASES,KHM,2019,32197.0,,,,,Western Pacific,WPR,COUNTRY,2024-12-10T17:44:48.22+01:00
MALARIA_TOTAL_CASES,NPL,2023,665.0,,,,,South-East Asia,SEAR,COUNTRY,2024-12-10T17:44:48.22+01:00
MALARIA_TOTAL_CASES,MMR,2019,56414.0,,,,,South-East Asia,SEAR,COUNTRY,2024-12-10T17:44:48.22+01:00
MALARIA_TOTAL_CASES,BLZ,2016,5.0,,,,,Americas,AMR,COUNTRY,2024-12-10T17:44:48.22+01:00
MALARIA_TOTAL_CASES,ETH,2019,1015792.0,,,,,Africa,AFR,COUNTRY,2024-12-10T17:44:48.22+01:00
MALARIA_TOTAL_CASES,PER,2023,22625.0,,,,,Americas,AMR,COUNTRY,2024-12-10T17:44:48.22+01:00
MALARIA_TOTAL_CASES,NPL,2017,3610.0,,,,,South-East Asia,SEAR,COUNTRY,2024-12-10T17:44:48.22+01:00
MALARIA_TOTAL_CASES,CRI,2015,8.0,,,,,Americas,AMR,COUNTRY,2024-12-10T17:44:48.22+01:00
MALARIA_TOTAL_CASES,SEN,2017,398377.0,,,,,Africa,AFR,COUNTRY,2024-12-10T17:44:48.22+01:00
MALARIA_TOTAL_CASES,SEN,2018,536745.0,,,,,Africa,AFR,COUNTRY,2024-12-10T17:44:48.22+01:00
MALARIA_TOTAL_CASES,SUR,2017,551.0,,,,,Americas,AMR,COUNTRY,2024-12-10T17:44:48.22+01:00
MALARIA_TOTAL_CASES,PAK,2015,3778090.0,,,,,Eastern Mediterranean,EMR,COUNTRY,2024-12-10T17:44:48.22+01:00
MALARIA_TOTAL_CASES,CHN,2015,3279.0,,,,,Western Pacific,WPR,COUNTRY,2024-12-10T17:44:48.22+01:00
MALARIA_TOTAL_CASES,GNQ,2019,43897.0,,,,,Africa,AFR,COUNTRY,2024-12-10T17:44:48.22+01:00
MALARIA_TOTAL_CASES,ERI,2016,80450.0,,,,,Africa,AFR,COUNTRY,2024-12-10T17:44:48.22+01:00
MALARIA_TOTAL_CASES,BLZ,2015,13.0,,,,,Americas,AMR,COUNTRY,2024-12-10T17:44:48.22+01:00
MALARIA_TOTAL_CASES,PRK,2022,2136.0,,,,,South-East Asia,SEAR,COUNTRY,2024-12-10T17:44:48.22+01:00
MALARIA_TOTAL_CASES,MLI,2019,3607237.0,,,,,Africa,AFR,COUNTRY,2024-12-10T17:44:48.22+01:00
MALARIA_TOTAL_CASES,THA,2021,3279.0,,,,,South-East Asia,SEAR,COUNTRY,2024-12-10T17:44:48.22+01:00
MALARIA_TOTAL_CASES,KGZ,2016,6.0,,,,,Europe,EUR,COUNTRY,2024-12-10T17:44:48.22+01:00
MALARIA_TOTAL_CASES,GTM,2016,5001.0,,,,,Americas,AMR,COUNTRY,2024-12-10T17:44:48.22+01:00
MALARIA_TOTAL_CASES,GUF,2020,154.0,,,,,Americas,AMR,COUNTRY,2024-12-10T17:44:48.22+01:00
MALARIA_TOTAL_CASES,TZA,2021,4632180.0,,,,,Africa,AFR,COUNTRY,2024-12-10T17:44:48.22+01:00
MALARIA_TOTAL_CASES,COG,2017,297652.0,,,,,Africa,AFR,COUNTRY,2024-12-10T17:44:48.22+01:00
MALARIA_TOTAL_CASES,BEN,2015,2042684.0,,,,,Africa,AFR,COUNTRY,2024-12-10T17:44:48.22+01:00
MALARIA_TOTAL_CASES,CAF,2022,2460689.0,,,,,Africa,AFR,COUNTRY,2024-12-10T17:44:48.22+01:00
MALARIA_TOTAL_CASES,PRK,2017,4626.0,,,,,South-East Asia,SEAR,COUNTRY,2024-12-10T17:44:48.22+01:00
MALARIA_TOTAL_CASES,PHL,2016,6690.0,,,,,Western Pacific,WPR,COUNTRY,2024-12-10T17:44:48.22+01:00
MALARIA_TOTAL_CASES,AGO,2022,9221410.0,,,,,Africa,AFR,COUNTRY,2024-12-10T17:44:48.22+01:00
MALARIA_TOTAL_CASES,BLZ,2020,0.0,,,,,Americas,AMR,COUNTRY,2024-12-10T17:44:48.22+01:00
MALARIA_TOTAL_CASES,NAM,2019,3404.0,,,,,Africa,AFR,COUNTRY,2024-12-10T17:44:48.22+01:00
MALARIA_TOTAL_CASES,SLB,2023,147145.0,,,,,Western Pacific,WPR,COUNTRY,2024-12-10T17:44:48.22+01:00
MALARIA_TOTAL_CASES,NER,2022,5648740.0,,,,,Africa,AFR,COUNTRY,2024-12-10T17:44:48.22+01:00
MALARIA_TOTAL_CASES,HND,2016,4097.0,,,,,Americas,AMR,COUNTRY,2024-12-10T17:44:48.22+01:00
MALARIA_TOTAL_CASES,IND,2018,429928.0,,,,,South-East Asia,SEAR,COUNTRY,2024-12-10T17:44:48.22+01:00
MALARIA_TOTAL_CASES,MEX,2022,244.0,,,,,Americas,AMR,COUNTRY,2024-12-10T17:44:48.22+01:00
MALARIA_TOTAL_CASES,COM,2017,3896.0,,,,,Africa,AFR,COUNTRY,2024-12-10T17:44:48.22+01:00
MALARIA_TOTAL_CASES,MYS,2023,3629.0,,,,,Western Pacific,WPR,COUNTRY,2024-12-10T17:44:48.22+01:00
MALARIA_TOTAL_CASES,AGO,2023,10496880.0,,,,,Africa,AFR,COUNTRY,2024-12-10T17:44:48.22+01:00
MALARIA_TOTAL_CASES,UZB,2020,2.0,,,,,Europe,EUR,COUNTRY,2024-12-10T17:44:48.22+01:00
MALARIA_TOTAL_CASES,ECU,2017,1380.0,,,,,Americas,AMR,COUNTRY,2024-12-10T17:44:48.22+01:00
MALARIA_TOTAL_CASES,SOM,2018,31030.0,,,,,Eastern Mediterranean,EMR,COUNTRY,2024-12-10T17:44:48.22+01:00
MALARIA_TOTAL_CASES,DOM,2020,829.0,,,,,Americas,AMR,COUNTRY,2024-12-10T17:44:48.22+01:00
MALARIA_TOTAL_CASES,SSD,2018,4697506.0,,,,,Africa,AFR,COUNTRY,2024-12-10T17:44:48.22+01:00
MALARIA_TOTAL_CASES,MYT,2020,25.0,,,,,Africa,AFR,COUNTRY,2024-12-10T17:44:48.22+01:00
MALARIA_TOTAL_CASES,COG,2018,324615.0,,,,,Africa,AFR,COUNTRY,2024-12-10T17:44:48.22+01:00
MALARIA_TOTAL_CASES,MRT,2020,144709.0,,,,,Africa,AFR,COUNTRY,2024-12-10T17:44:48.22+01:00
MALARIA_TOTAL_CASES,AZE,2017,1.0,,,,,Europe,EUR,COUNTRY,2024-12-10T17:44:48.22+01:00
MALARIA_TOTAL_CASES,PAK,2016,2126497.0,,,,,Eastern Mediterranean,EMR,COUNTRY,2024-12-10T17:44:48.22+01:00
MALARIA_TOTAL_CASES,DJI,2017,14810.0,,,,,Eastern Mediterranean,EMR,COUNTRY,2024-12-10T17:44:48.22+01:00
MALARIA_TOTAL_CASES,ARM,2015,2.0,,,,,Europe,EUR,COUNTRY,2024-12-10T17:44:48.22+01:00
MALARIA_TOTAL_CASES,BWA,2017,1911.0,,,,,Africa,AFR,COUNTRY,2024-12-10T17:44:48.22+01:00
MALARIA_TOTAL_CASES,KOR,2018,576.0,,,,,Western Pacific,WPR,COUNTRY,2024-12-10T17:44:48.22+01:00
MALARIA_TOTAL_CASES,RWA,2018,4231883.0,,,,,Africa,AFR,COUNTRY,2024-12-10T17:44:48.22+01:00
MALARIA_TOTAL_CASES,BGD,2022,18246.0,,,,,South-East Asia,SEAR,COUNTRY,2024-12-10T17:44:48.22+01:00
MALARIA_TOTAL_CASES,TZA,2020,6346069.0,,,,,Africa,AFR,COUNTRY,2024-12-10T17:44:48.22+01:00
MALARIA_TOTAL_CASES,TLS,2018,8.0,,,,,South-East Asia,SEAR,COUNTRY,2024-12-10T17:44:48.22+01:00
MALARIA_TOTAL_CASES,STP,2019,2457.0,,,,,Africa,AFR,COUNTRY,2024-12-10T17:44:48.22+01:00
MALARIA_TOTAL_CASES,PRK,2020,1819.0,,,,,South-East Asia,SEAR,COUNTRY,2024-12-10T17:44:48.22+01:00
MALARIA_TOTAL_CASES,GMB,2020,75801.0,,,,,Africa,AFR,COUNTRY,2024-12-10T17:44:48.22+01:00
MALARIA_TOTAL_CASES,GNQ,2017,15725.0,,,,,Africa,AFR,COUNTRY,2024-12-10T17:44:48.22+01:00
MALARIA_TOTAL_CASES,TLS,2023,9.0,,,,,South-East Asia,SEAR,COUNTRY,2024-12-10T17:44:48.22+01:00
MALARIA_TOTAL_CASES,ERI,2017,55588.0,,,,,Africa,AFR,COUNTRY,2024-12-10T17:44:48.22+01:00
MALARIA_TOTAL_CASES,VNM,2015,19252.0,,,,,Western Pacific,WPR,COUNTRY,2024-12-10T17:44:48.22+01:00
MALARIA_TOTAL_CASES,SUR,2019,215.0,,,,,Americas,AMR,COUNTRY,2024-12-10T17:44:48.22+01:00
MALARIA_TOTAL_CASES,COL,2017,56515.0,,,,,Americas,AMR,COUNTRY,2024-12-10T17:44:48.22+01:00
MALARIA_TOTAL_CASES,MMR,2023,228567.0,,,,,South-East Asia,SEAR,COUNTRY,2024-12-10T17:44:48.22+01:00
MALARIA_TOTAL_CASES,KOR,2017,515.0,,,,,Western Pacific,WPR,COUNTRY,2024-12-10T17:44:48.22+01:00
MALARIA_TOTAL_CASES,TKM,2019,3.0,,,,,Europe,EUR,COUNTRY,2024-12-10T17:44:48.22+01:00
MALARIA_TOTAL_CASES,SOM,2023,13688.0,,,,,Eastern Mediterranean,EMR,COUNTRY,2024-12-10T17:44:48.22+01:00
MALARIA_TOTAL_CASES,DOM,2016,755.0,,,,,Americas,AMR,COUNTRY,2024-12-10T17:44:48.22+01:00
MALARIA_TOTAL_CASES,IDN,2023,418533.0,,,,,South-East Asia,SEAR,COUNTRY,2024-12-10T17:44:48.22+01:00
MALARIA_TOTAL_CASES,TLS,2016,95.0,,,,,South-East Asia,SEAR,COUNTRY,2024-12-10T17:44:48.22+01:00
MALARIA_TOTAL_CASES,BFA,2017,12255671.0,,,,,Africa,AFR,COUNTRY,2024-12-10T17:44:48.22+01:00
MALARIA_TOTAL_CASES,SOM,2016,58021.0,,,,,Eastern Mediterranean,EMR,COUNTRY,2024-12-10T17:44:48.22+01:00
MALARIA_TOTAL_CASES,CIV,2023,9129549.0,,,,,Africa,AFR,COUNTRY,2024-12-10T17:44:48.22+01:00
MALARIA_TOTAL_CASES,COL,2019,82721.0,,,,,Americas,AMR,COUNTRY,2024-12-10T17:44:48.22+01:00
MALARIA_TOTAL_CASES,CHN,2018,2511.0,,,,,Western Pacific,WPR,COUNTRY,2024-12-10T17:44:48.22+01:00
MALARIA_TOTAL_CASES,KOR,2015,692.0,,,,,Western Pacific,WPR,COUNTRY,2024-12-10T17:44:48.22+01:00
MALARIA_TOTAL_CASES,ETH,2020,1848231.0,,,,,Africa,AFR,COUNTRY,2024-12-10T17:44:48.22+01:00
MALARIA_TOTAL_CASES,BLZ,2021,0.0,,,,,Americas,AMR,COUNTRY,2024-12-10T17:44:48.22+01:00
MALARIA_TOTAL_CASES,SLV,2017,4.0,,,,,Americas,AMR,COUNTRY,2024-12-10T17:44:48.22+01:00
MALARIA_TOTAL_CASES,TJK,2020,0.0,,,,,Europe,EUR,COUNTRY,2024-12-10T17:44:48.22+01:00
MALARIA_TOTAL_CASES,LAO,2023,695.0,,,,,Western Pacific,WPR,COUNTRY,2024-12-10T17:44:48.22+01:00
MALARIA_TOTAL_CASES,NER,2019,4402685.0,,,,,Africa,AFR,COUNTRY,2024-12-10T17:44:48.22+01:00
MALARIA_TOTAL_CASES,CPV,2020,10.0,,,,,Africa,AFR,COUNTRY,2024-12-10T17:44:48.22+01:00
MALARIA_TOTAL_CASES,TGO,2015,1610711.0,,,,,Africa,AFR,COUNTRY,2024-12-10T17:44:48.22+01:00
MALARIA_TOTAL_CASES,SEN,2019,359246.0,,,,,Africa,AFR,COUNTRY,2024-12-10T17:44:48.22+01:00
MALARIA_TOTAL_CASES,GTM,2018,3021.0,,,,,Americas,AMR,COUNTRY,2024-12-10T17:44:48.22+01:00
MALARIA_TOTAL_CASES,THA,2016,17800.0,,,,,South-East Asia,SEAR,COUNTRY,2024-12-10T17:44:48.22+01:00
MALARIA_TOTAL_CASES,SLB,2015,50916.0,,,,,Western Pacific,WPR,COUNTRY,2024-12-10T17:44:48.22+01:00
MALARIA_TOTAL_CASES,MYS,2017,4114.0,,,,,Western Pacific,WPR,COUNTRY,2024-12-10T17:44:48.22+01:00
MALARIA_TOTAL_CASES,TJK,2023,9.0,,,,,Europe,EUR,COUNTRY,2024-12-10T17:44:48.22+01:00
MALARIA_TOTAL_CASES,ZWE,2020,447381.0,,,,,Africa,AFR,COUNTRY,2024-12-10T17:44:48.22+01:00
MALARIA_TOTAL_CASES,ZWE,2021,133137.0,,,,,Africa,AFR,COUNTRY,2024-12-10T17:44:48.22+01:00
MALARIA_TOTAL_CASES,CIV,2020,5695412.0,,,,,Africa,AFR,COUNTRY,2024-12-10T17:44:48.22+01:00
MALARIA_TOTAL_CASES,VEN,2020,232757.0,,,,,Americas,AMR,COUNTRY,2024-12-10T17:44:48.22+01:00
MALARIA_TOTAL_CASES,CPV,2019,40.0,,,,,Africa,AFR,COUNTRY,2024-12-10T17:44:48.22+01:00
MALARIA_TOTAL_CASES,MYS,2021,3688.0,,,,,Western Pacific,WPR,COUNTRY,2024-12-10T17:44:48.22+01:00
MALARIA_TOTAL_CASES,IRN,2015,799.0,,,,,Eastern Mediterranean,EMR,COUNTRY,2024-12-10T17:44:48.22+01:00
MALARIA_TOTAL_CASES,SLB,2019,86122.0,,,,,Western Pacific,WPR,COUNTRY,2024-12-10T17:44:48.22+01:00
MALARIA_TOTAL_CASES,SUR,2018,235.0,,,,,Americas,AMR,COUNTRY,2024-12-10T17:44:48.22+01:00
MALARIA_TOTAL_CASES,TCD,2022,1882503.0,,,,,Africa,AFR,COUNTRY,2024-12-10T17:44:48.22+01:00
MALARIA_TOTAL_CASES,CMR,2019,3011133.0,,,,,Africa,AFR,COUNTRY,2024-12-10T17:44:48.22+01:00
MALARIA_TOTAL_CASES,GMB,2015,255403.0,,,,,Africa,AFR,COUNTRY,2024-12-10T17:44:48.22+01:00
MALARIA_TOTAL_CASES,BRA,2023,167170.0,,,,,Americas,AMR,COUNTRY,2024-12-10T17:44:48.22+01:00
MALARIA_TOTAL_CASES,SSD,2023,5089688.0,,,,,Africa,AFR,COUNTRY,2024-12-10T17:44:48.22+01:00
MALARIA_TOTAL_CASES,ARG,2015,11.0,,,,,Americas,AMR,COUNTRY,2024-12-10T17:44:48.22+01:00
MALARIA_TOTAL_CASES,LKA,2017,57.0,,,,,South-East Asia,SEAR,COUNTRY,2024-12-10T17:44:48.22+01:00
MALARIA_TOTAL_CASES,BRA,2020,172419.0,,,,,Americas,AMR,COUNTRY,2024-12-10T17:44:48.22+01:00
MALARIA_TOTAL_CASES,RWA,2017,5940533.0,,,,,Africa,AFR,COUNTRY,2024-12-10T17:44:48.22+01:00
MALARIA_TOTAL_CASES,MEX,2023,342.0,,,,,Americas,AMR,COUNTRY,2024-12-10T17:44:48.22+01:00
MALARIA_TOTAL_CASES,TUR,2019,279.0,,,,,Europe,EUR,COUNTRY,2024-12-10T17:44:48.22+01:00
MALARIA_TOTAL_CASES,SLV,2019,3.0,,,,,Americas,AMR,COUNTRY,2024-12-10T17:44:48.22+01:00
MALARIA_TOTAL_CASES,PNG,2018,940693.0,,,,,Western Pacific,WPR,COUNTRY,2024-12-10T17:44:48.22+01:00
MALARIA_TOTAL_CASES,GIN,2019,2172260.0,,,,,Africa,AFR,COUNTRY,2024-12-10T17:44:48.22+01:00
MALARIA_TOTAL_CASES,TCD,2018,1364706.0,,,,,Africa,AFR,COUNTRY,2024-12-10T17:44:48.22+01:00
MALARIA_TOTAL_CASES,MYT,2015,11.0,,,,,Africa,AFR,COUNTRY,2024-12-10T17:44:48.22+01:00
MALARIA_TOTAL_CASES,HTI,2016,21430.0,,,,,Americas,AMR,COUNTRY,2024-12-10T17:44:48.22+01:00
MALARIA_TOTAL_CASES,GNB,2019,162635.0,,,,,Africa,AFR,COUNTRY,2024-12-10T17:44:48.22+01:00
MALARIA_TOTAL_CASES,PRK,2019,1869.0,,,,,South-East Asia,SEAR,COUNTRY,2024-12-10T17:44:48.22+01:00
MALARIA_TOTAL_CASES,NIC,2016,6284.0,,,,,Americas,AMR,COUNTRY,2024-12-10T17:44:48.22+01:00
MALARIA_TOTAL_CASES,VNM,2017,8411.0,,,,,Western Pacific,WPR,COUNTRY,2024-12-10T17:44:48.22+01:00
MALARIA_TOTAL_CASES,GHA,2017,13472089.0,,,,,Africa,AFR,COUNTRY,2024-12-10T17:44:48.22+01:00
MALARIA_TOTAL_CASES,VEN,2017,525897.0,,,,,Americas,AMR,COUNTRY,2024-12-10T17:44:48.22+01:00
MALARIA_TOTAL_CASES,BEN,2017,1968532.0,,,,,Africa,AFR,COUNTRY,2024-12-10T17:44:48.22+01:00
MALARIA_TOTAL_CASES,GMB,2023,118459.0,,,,,Africa,AFR,COUNTRY,2024-12-10T17:44:48.22+01:00
MALARIA_TOTAL_CASES,UZB,2016,0.0,,,,,Europe,EUR,COUNTRY,2024-12-10T17:44:48.22+01:00
MALARIA_TOTAL_CASES,DZA,2015,747.0,,,,,Africa,AFR,COUNTRY,2024-12-10T17:44:48.22+01:00
MALARIA_TOTAL_CASES,PAK,2017,2209708.0,,,,,Eastern Mediterranean,EMR,COUNTRY,2024-12-10T17:44:48.22+01:00
MALARIA_TOTAL_CASES,ETH,2022,1837213.0,,,,,Africa,AFR,COUNTRY,2024-12-10T17:44:48.22+01:00
MALARIA_TOTAL_CASES,NGA,2018,20482380.0,,,,,Africa,AFR,COUNTRY,2024-12-10T17:44:48.22+01:00
MALARIA_TOTAL_CASES,UGA,2020,17475040.0,,,,,Africa,AFR,COUNTRY,2024-12-10T17:44:48.22+01:00
MALARIA_TOTAL_CASES,IRN,2019,1190.0,,,,,Eastern Mediterranean,EMR,COUNTRY,2024-12-10T17:44:48.22+01:00
MALARIA_TOTAL_CASES,TZA,2015,8406354.0,,,,,Africa,AFR,COUNTRY,2024-12-10T17:44:48.22+01:00
MALARIA_TOTAL_CASES,PAN,2020,2206.0,,,,,Americas,AMR,COUNTRY,2024-12-10T17:44:48.22+01:00
MALARIA_TOTAL_CASES,PER,2017,55367.0,,,,,Americas,AMR,COUNTRY,2024-12-10T17:44:48.22+01:00
MALARIA_TOTAL_CASES,SOM,2021,50648.0,,,,,Eastern Mediterranean,EMR,COUNTRY,2024-12-10T17:44:48.22+01:00
MALARIA_TOTAL_CASES,TLS,2020,14.0,,,,,South-East Asia,SEAR,COUNTRY,2024-12-10T17:44:48.22+01:00
MALARIA_TOTAL_CASES,GEO,2017,9.0,,,,,Europe,EUR,COUNTRY,2024-12-10T17:44:48.22+01:00
MALARIA_TOTAL_CASES,TZA,2017,5988136.0,,,,,Africa,AFR,COUNTRY,2024-12-10T17:44:48.22+01:00
MALARIA_TOTAL_CASES,AZE,2015,1.0,,,,,Europe,EUR,COUNTRY,2024-12-10T17:44:48.22+01:00
MALARIA_TOTAL_CASES,SWZ,2023,845.0,,,,,Africa,AFR,COUNTRY,2024-12-10T17:44:48.22+01:00
MALARIA_TOTAL_CASES,IDN,2016,218450.0,,,,,South-East Asia,SEAR,COUNTRY,2024-12-10T17:44:48.22+01:00
MALARIA_TOTAL_CASES,ARG,2020,13.0,,,,,Americas,AMR,COUNTRY,2024-12-10T17:44:48.22+01:00
MALARIA_TOTAL_CASES,PAN,2018,715.0,,,,,Americas,AMR,COUNTRY,2024-12-10T17:44:48.22+01:00
MALARIA_TOTAL_CASES,GAB,2015,217287.0,,,,,Africa,AFR,COUNTRY,2024-12-10T17:44:48.22+01:00
MALARIA_TOTAL_CASES,CRI,2023,641.0,,,,,Americas,AMR,COUNTRY,2024-12-10T17:44:48.22+01:00
MALARIA_TOTAL_CASES,CHN,2017,2672.0,,,,,Western Pacific,WPR,COUNTRY,2024-12-10T17:44:48.22+01:00
MALARIA_TOTAL_CASES,ARG,2017,16.0,,,,,Americas,AMR,COUNTRY,2024-12-10T17:44:48.22+01:00
MALARIA_TOTAL_CASES,ZMB,2018,5195723.0,,,,,Africa,AFR,COUNTRY,2024-12-10T17:44:48.22+01:00
MALARIA_TOTAL_CASES,PAN,2023,11611.0,,,,,Americas,AMR,COUNTRY,2024-12-10T17:44:48.22+01:00
MALARIA_TOTAL_CASES,LAO,2018,9038.0,,,,,Western Pacific,WPR,COUNTRY,2024-12-10T17:44:48.22+01:00
MALARIA_TOTAL_CASES,ZMB,2015,5094123.0,,,,,Africa,AFR,COUNTRY,2024-12-10T17:44:48.22+01:00
MALARIA_TOTAL_CASES,SDN,2022,3768163.0,,,,,Eastern Mediterranean,EMR,COUNTRY,2024-12-10T17:44:48.22+01:00
MALARIA_TOTAL_CASES,DJI,2023,38944.0,,,,,Eastern Mediterranean,EMR,COUNTRY,2024-12-10T17:44:48.22+01:00
MALARIA_TOTAL_CASES,ECU,2019,1909.0,,,,,Americas,AMR,COUNTRY,2024-12-10T17:44:48.22+01:00
MALARIA_TOTAL_CASES,COD,2018,18208440.0,,,,,Africa,AFR,COUNTRY,2024-12-10T17:44:48.22+01:00
MALARIA_TOTAL_CASES,TZA,2019,6575185.0,,,,,Africa,AFR,COUNTRY,2024-12-10T17:44:48.22+01:00
MALARIA_TOTAL_CASES,TJK,2016,1.0,,,,,Europe,EUR,COUNTRY,2024-12-10T17:44:48.22+01:00
MALARIA_TOTAL_CASES,MLI,2020,3363800.0,,,,,Africa,AFR,COUNTRY,2024-12-10T17:44:48.22+01:00
MALARIA_TOTAL_CASES,COM,2022,20681.0,,,,,Africa,AFR,COUNTRY,2024-12-10T17:44:48.22+01:00
MALARIA_TOTAL_CASES,IRN,2018,625.0,,,,,Eastern Mediterranean,EMR,COUNTRY,2024-12-10T17:44:48.22+01:00
MALARIA_TOTAL_CASES,BWA,2018,585.0,,,,,Africa,AFR,COUNTRY,2024-12-10T17:44:48.22+01:00
MALARIA_TOTAL_CASES,BTN,2015,104.0,,,,,South-East Asia,SEAR,COUNTRY,2024-12-10T17:44:48.22+01:00
MALARIA_TOTAL_CASES,LKA,2021,26.0,,,,,South-East Asia,SEAR,COUNTRY,2024-12-10T17:44:48.22+01:00
MALARIA_TOTAL_CASES,CAF,2021,2223562.0,,,,,Africa,AFR,COUNTRY,2024-12-10T17:44:48.22+01:00
MALARIA_TOTAL_CASES,NIC,2017,10952.0,,,,,Americas,AMR,COUNTRY,2024-12-10T17:44:48.22+01:00
MALARIA_TOTAL_CASES,BGD,2019,17225.0,,,,,South-East Asia,SEAR,COUNTRY,2024-12-10T17:44:48.22+01:00
MALARIA_TOTAL_CASES,HND,2022,3580.0,,,,,Americas,AMR,COUNTRY,2024-12-10T17:44:48.22+01:00
MALARIA_TOTAL_CASES,NGA,2019,23376792.0,,,,,Africa,AFR,COUNTRY,2024-12-10T17:44:48.22+01:00
MALARIA_TOTAL_CASES,AZE,2021,1.0,,,,,Europe,EUR,COUNTRY,2024-12-10T17:44:48.22+01:00
MALARIA_TOTAL_CASES,GEO,2016,7.0,,,,,Europe,EUR,COUNTRY,2024-12-10T17:44:48.22+01:00
MALARIA_TOTAL_CASES,IND,2019,338494.0,,,,,South-East Asia,SEAR,COUNTRY,2024-12-10T17:44:48.22+01:00
MALARIA_TOTAL_CASES,MEX,2017,765.0,,,,,Americas,AMR,COUNTRY,2024-12-10T17:44:48.22+01:00
MALARIA_TOTAL_CASES,MWI,2021,6863146.0,,,,,Africa,AFR,COUNTRY,2024-12-10T17:44:48.22+01:00
MALARIA_TOTAL_CASES,CAF,2017,1296277.0,,,,,Africa,AFR,COUNTRY,2024-12-10T17:44:48.22+01:00
MALARIA_TOTAL_CASES,GMB,2022,119104.0,,,,,Africa,AFR,COUNTRY,2024-12-10T17:44:48.22+01:00
MALARIA_TOTAL_CASES,BWA,2023,651.0,,,,,Africa,AFR,COUNTRY,2024-12-10T17:44:48.22+01:00
MALARIA_TOTAL_CASES,ZMB,2017,6054679.0,,,,,Africa,AFR,COUNTRY,2024-12-10T17:44:48.22+01:00
MALARIA_TOTAL_CASES,PRK,2018,3698.0,,,,,South-East Asia,SEAR,COUNTRY,2024-12-10T17:44:48.22+01:00
MALARIA_TOTAL_CASES,GIN,2016,992146.0,,,,,Africa,AFR,COUNTRY,2024-12-10T17:44:48.22+01:00
MALARIA_TOTAL_CASES,PNG,2015,620785.0,,,,,Western Pacific,WPR,COUNTRY,2024-12-10T17:44:48.22+01:00
MALARIA_TOTAL_CASES,COG,2019,545796.0,,,,,Africa,AFR,COUNTRY,2024-12-10T17:44:48.22+01:00
MALARIA_TOTAL_CASES,MRT,2016,171348.0,,,,,Africa,AFR,COUNTRY,2024-12-10T17:44:48.22+01:00
MALARIA_TOTAL_CASES,MOZ,2020,11331009.0,,,,,Africa,AFR,COUNTRY,2024-12-10T17:44:48.22+01:00
MALARIA_TOTAL_CASES,LKA,2018,52.0,,,,,South-East Asia,SEAR,COUNTRY,2024-12-10T17:44:48.22+01:00
MALARIA_TOTAL_CASES,CMR,2017,3607898.0,,,,,Africa,AFR,COUNTRY,2024-12-10T17:44:48.22+01:00
MALARIA_TOTAL_CASES,TUR,2017,214.0,,,,,Europe,EUR,COUNTRY,2024-12-10T17:44:48.22+01:00
MALARIA_TOTAL_CASES,GNB,2016,156523.0,,,,,Africa,AFR,COUNTRY,2024-12-10T17:44:48.22+01:00
MALARIA_TOTAL_CASES,PAN,2021,4364.0,,,,,Americas,AMR,COUNTRY,2024-12-10T17:44:48.22+01:00
MALARIA_TOTAL_CASES,NPL,2022,512.0,,,,,South-East Asia,SEAR,COUNTRY,2024-12-10T17:44:48.22+01:00
MALARIA_TOTAL_CASES,VNM,2018,6870.0,,,,,Western Pacific,WPR,COUNTRY,2024-12-10T17:44:48.22+01:00
MALARIA_TOTAL_CASES,GMB,2021,73781.0,,,,,Africa,AFR,COUNTRY,2024-12-10T17:44:48.22+01:00
MALARIA_TOTAL_CASES,ARM,2020,3.0,,,,,Europe,EUR,COUNTRY,2024-12-10T17:44:48.22+01:00
MALARIA_TOTAL_CASES,BDI,2023,5619763.0,,,,,Africa,AFR,COUNTRY,2024-12-10T17:44:48.22+01:00
MALARIA_TOTAL_CASES,MYT,2019,55.0,,,,,Africa,AFR,COUNTRY,2024-12-10T17:44:48.22+01:00
MALARIA_TOTAL_CASES,KHM,2020,9964.0,,,,,Western Pacific,WPR,COUNTRY,2024-12-10T17:44:48.22+01:00
MALARIA_TOTAL_CASES,TLS,2022,2.0,,,,,South-East Asia,SEAR,COUNTRY,2024-12-10T17:44:48.22+01:00
MALARIA_TOTAL_CASES,MLI,2021,3561439.0,,,,,Africa,AFR,COUNTRY,2024-12-10T17:44:48.22+01:00
MALARIA_TOTAL_CASES,NIC,2015,2308.0,,,,,Americas,AMR,COUNTRY,2024-12-10T17:44:48.22+01:00
MALARIA_TOTAL_CASES,TUR,2015,224.0,,,,,Europe,EUR,COUNTRY,2024-12-10T17:44:48.22+01:00
MALARIA_TOTAL_CASES,SDN,2015,1102186.0,,,,,Eastern Mediterranean,EMR,COUNTRY,2024-12-10T17:44:48.22+01:00
MALARIA_TOTAL_CASES,ARM,2022,2.0,,,,,Europe,EUR,COUNTRY,2024-12-10T17:44:48.22+01:00
MALARIA_TOTAL_CASES,GIN,2015,895016.0,,,,,Africa,AFR,COUNTRY,2024-12-10T17:44:48.22+01:00
MALARIA_TOTAL_CASES,MWI,2018,5865476.0,,,,,Africa,AFR,COUNTRY,2024-12-10T17:44:48.22+01:00
MALARIA_TOTAL_CASES,LAO,2017,8435.0,,,,,Western Pacific,WPR,COUNTRY,2024-12-10T17:44:48.22+01:00
MALARIA_TOTAL_CASES,COG,2016,374252.0,,,,,Africa,AFR,COUNTRY,2024-12-10T17:44:48.22+01:00
MALARIA_TOTAL_CASES,TJK,2019,3.0,,,,,Europe,EUR,COUNTRY,2024-12-10T17:44:48.22+01:00
MALARIA_TOTAL_CASES,MOZ,2015,8306986.0,,,,,Africa,AFR,COUNTRY,2024-12-10T17:44:48.22+01:00
MALARIA_TOTAL_CASES,MRT,2018,175841.0,,,,,Africa,AFR,COUNTRY,2024-12-10T17:44:48.22+01:00
MALARIA_TOTAL_CASES,AZE,2018,2.0,,,,,Europe,EUR,COUNTRY,2024-12-10T17:44:48.22+01:00
MALARIA_TOTAL_CASES,NAM,2017,66141.0,,,,,Africa,AFR,COUNTRY,2024-12-10T17:44:48.22+01:00
MALARIA_TOTAL_CASES,PNG,2021,755598.0,,,,,Western Pacific,WPR,COUNTRY,2024-12-10T17:44:48.22+01:00
MALARIA_TOTAL_CASES,SAU,2018,2711.0,,,,,Eastern Mediterranean,EMR,COUNTRY,2024-12-10T17:44:48.22+01:00
MALARIA_TOTAL_CASES,BDI,2017,9259694.0,,,,,Africa,AFR,COUNTRY,2024-12-10T17:44:48.22+01:00
MALARIA_TOTAL_CASES,GEO,2015,6.0,,,,,Europe,EUR,COUNTRY,2024-12-10T17:44:48.22+01:00
MALARIA_TOTAL_CASES,KHM,2015,68109.0,,,,,Western Pacific,WPR,COUNTRY,2024-12-10T17:44:48.22+01:00
MALARIA_TOTAL_CASES,IRN,2020,1051.0,,,,,Eastern Mediterranean,EMR,COUNTRY,2024-12-10T17:44:48.22+01:00
MALARIA_TOTAL_CASES,CRI,2020,145.0,,,,,Americas,AMR,COUNTRY,2024-12-10T17:44:48.22+01:00
MALARIA_TOTAL_CASES,LKA,2016,41.0,,,,,South-East Asia,SEAR,COUNTRY,2024-12-10T17:44:48.22+01:00
MALARIA_TOTAL_CASES,PHL,2015,11445.0,,,,,Western Pacific,WPR,COUNTRY,2024-12-10T17:44:48.22+01:00
MALARIA_TOTAL_CASES,BGD,2016,27737.0,,,,,South-East Asia,SEAR,COUNTRY,2024-12-10T17:44:48.22+01:00
MALARIA_TOTAL_CASES,GTM,2017,4124.0,,,,,Americas,AMR,COUNTRY,2024-12-10T17:44:48.22+01:00
MALARIA_TOTAL_CASES,THA,2020,3940.0,,,,,South-East Asia,SEAR,COUNTRY,2024-12-10T17:44:48.22+01:00
MALARIA_TOTAL_CASES,TCD,2019,1910518.0,,,,,Africa,AFR,COUNTRY,2024-12-10T17:44:48.22+01:00
MALARIA_TOTAL_CASES,GNQ,2023,76921.0,,,,,Africa,AFR,COUNTRY,2024-12-10T17:44:48.22+01:00
MALARIA_TOTAL_CASES,LBR,2019,1041800.0,,,,,Africa,AFR,COUNTRY,2024-12-10T17:44:48.22+01:00
MALARIA_TOTAL_CASES,AFG,2021,86370.0,,,,,Eastern Mediterranean,EMR,COUNTRY,2024-12-10T17:44:48.22+01:00
MALARIA_TOTAL_CASES,CPV,2016,77.0,,,,,Africa,AFR,COUNTRY,2024-12-10T17:44:48.22+01:00
MALARIA_TOTAL_CASES,TZA,2016,6624054.0,,,,,Africa,AFR,COUNTRY,2024-12-10T17:44:48.22+01:00
MALARIA_TOTAL_CASES,PNG,2022,1022780.0,,,,,Western Pacific,WPR,COUNTRY,2024-12-10T17:44:48.22+01:00
MALARIA_TOTAL_CASES,TUR,2020,135.0,,,,,Europe,EUR,COUNTRY,2024-12-10T17:44:48.22+01:00
MALARIA_TOTAL_CASES,BTN,2023,18.0,,,,,South-East Asia,SEAR,COUNTRY,2024-12-10T17:44:48.22+01:00
MALARIA_TOTAL_CASES,KHM,2022,4053.0,,,,,Western Pacific,WPR,COUNTRY,2024-12-10T17:44:48.22+01:00
MALARIA_TOTAL_CASES,DJI,2016,13822.0,,,,,Eastern Mediterranean,EMR,COUNTRY,2024-12-10T17:44:48.22+01:00
MALARIA_TOTAL_CASES,MOZ,2017,9981277.0,,,,,Africa,AFR,COUNTRY,2024-12-10T17:44:48.22+01:00
MALARIA_TOTAL_CASES,ZMB,2019,5360020.0,,,,,Africa,AFR,COUNTRY,2024-12-10T17:44:48.22+01:00
MALARIA_TOTAL_CASES,UZB,2015,0.0,,,,,Europe,EUR,COUNTRY,2024-12-10T17:44:48.22+01:00
MALARIA_TOTAL_CASES,ARG,2019,22.0,,,,,Americas,AMR,COUNTRY,2024-12-10T17:44:48.22+01:00
MALARIA_TOTAL_CASES,DZA,2017,453.0,,,,,Africa,AFR,COUNTRY,2024-12-10T17:44:48.22+01:00
MALARIA_TOTAL_CASES,LAO,2019,6692.0,,,,,Western Pacific,WPR,COUNTRY,2024-12-10T17:44:48.22+01:00
MALARIA_TOTAL_CASES,COD,2015,12538805.0,,,,,Africa,AFR,COUNTRY,2024-12-10T17:44:48.22+01:00
MALARIA_TOTAL_CASES,AGO,2020,7682739.0,,,,,Africa,AFR,COUNTRY,2024-12-10T17:44:48.22+01:00
MALARIA_TOTAL_CASES,IRN,2021,999.0,,,,,Eastern Mediterranean,EMR,COUNTRY,2024-12-10T17:44:48.22+01:00
MALARIA_TOTAL_CASES,ECU,2016,1424.0,,,,,Americas,AMR,COUNTRY,2024-12-10T17:44:48.22+01:00
MALARIA_TOTAL_CASES,KEN,2023,6819382.0,,,,,Africa,AFR,COUNTRY,2024-12-10T17:44:48.22+01:00
MALARIA_TOTAL_CASES,SLE,2017,1741512.0,,,,,Africa,AFR,COUNTRY,2024-12-10T17:44:48.22+01:00
MALARIA_TOTAL_CASES,GNQ,2022,98346.0,,,,,Africa,AFR,COUNTRY,2024-12-10T17:44:48.22+01:00
MALARIA_TOTAL_CASES,PNG,2017,892235.0,,,,,Western Pacific,WPR,COUNTRY,2024-12-10T17:44:48.22+01:00
MALARIA_TOTAL_CASES,LKA,2022,37.0,,,,,South-East Asia,SEAR,COUNTRY,2024-12-10T17:44:48.22+01:00
MALARIA_TOTAL_CASES,MWI,2016,5165386.0,,,,,Africa,AFR,COUNTRY,2024-12-10T17:44:48.22+01:00
MALARIA_TOTAL_CASES,LBR,2023,994782.0,,,,,Africa,AFR,COUNTRY,2024-12-10T17:44:48.22+01:00
MALARIA_TOTAL_CASES,SLV,2018,2.0,,,,,Americas,AMR,COUNTRY,2024-12-10T17:44:48.22+01:00
MALARIA_TOTAL_CASES,GAB,2023,137856.0,,,,,Africa,AFR,COUNTRY,2024-12-10T17:44:48.22+01:00
MALARIA_TOTAL_CASES,NAM,2020,13636.0,,,,,Africa,AFR,COUNTRY,2024-12-10T17:44:48.22+01:00
MALARIA_TOTAL_CASES,IRN,2022,5677.0,,,,,Eastern Mediterranean,EMR,COUNTRY,2024-12-10T17:44:48.22+01:00
MALARIA_TOTAL_CASES,LAO,2022,2340.0,,,,,Western Pacific,WPR,COUNTRY,2024-12-10T17:44:48.22+01:00
MALARIA_TOTAL_CASES,BDI,2019,9983843.0,,,,,Africa,AFR,COUNTRY,2024-12-10T17:44:48.22+01:00
MALARIA_TOTAL_CASES,COM,2021,10547.0,,,,,Africa,AFR,COUNTRY,2024-12-10T17:44:48.22+01:00
MALARIA_TOTAL_CASES,HTI,2023,14436.0,,,,,Americas,AMR,COUNTRY,2024-12-10T17:44:48.22+01:00
MALARIA_TOTAL_CASES,AFG,2023,180718.0,,,,,Eastern Mediterranean,EMR,COUNTRY,2024-12-10T17:44:48.22+01:00
MALARIA_TOTAL_CASES,GUF,2017,597.0,,,,,Americas,AMR,COUNTRY,2024-12-10T17:44:48.22+01:00
MALARIA_TOTAL_CASES,DOM,2022,337.0,,,,,Americas,AMR,COUNTRY,2024-12-10T17:44:48.22+01:00
MALARIA_TOTAL_CASES,MYT,2018,47.0,,,,,Africa,AFR,COUNTRY,2024-12-10T17:44:48.22+01:00
MALARIA_TOTAL_CASES,COG,2023,737651.0,,,,,Africa,AFR,COUNTRY,2024-12-10T17:44:48.22+01:00
MALARIA_TOTAL_CASES,TZA,2018,6558257.0,,,,,Africa,AFR,COUNTRY,2024-12-10T17:44:48.22+01:00
MALARIA_TOTAL_CASES,NPL,2016,10687.0,,,,,South-East Asia,SEAR,COUNTRY,2024-12-10T17:44:48.22+01:00
MALARIA_TOTAL_CASES,SEN,2016,356272.0,,,,,Africa,AFR,COUNTRY,2024-12-10T17:44:48.22+01:00
MALARIA_TOTAL_CASES,SSD,2017,4054795.0,,,,,Africa,AFR,COUNTRY,2024-12-10T17:44:48.22+01:00
MALARIA_TOTAL_CASES,NAM,2016,24869.0,,,,,Africa,AFR,COUNTRY,2024-12-10T17:44:48.22+01:00
MALARIA_TOTAL_CASES,DOM,2019,1314.0,,,,,Americas,AMR,COUNTRY,2024-12-10T17:44:48.22+01:00
MALARIA_TOTAL_CASES,LKA,2019,54.0,,,,,South-East Asia,SEAR,COUNTRY,2024-12-10T17:44:48.22+01:00
MALARIA_TOTAL_CASES,SEN,2021,547773.0,,,,,Africa,AFR,COUNTRY,2024-12-10T17:44:48.22+01:00
MALARIA_TOTAL_CASES,GIN,2021,2450957.0,,,,,Africa,AFR,COUNTRY,2024-12-10T17:44:48.22+01:00
MALARIA_TOTAL_CASES,NIC,2023,7008.0,,,,,Americas,AMR,COUNTRY,2024-12-10T17:44:48.22+01:00
MALARIA_TOTAL_CASES,HTI,2017,19135.0,,,,,Americas,AMR,COUNTRY,2024-12-10T17:44:48.22+01:00
MALARIA_TOTAL_CASES,BLZ,2017,9.0,,,,,Americas,AMR,COUNTRY,2024-12-10T17:44:48.22+01:00
